edgeUrn	graphUrn	sourceUrn	relationUrn	targetUrn	label
urn:cite2:fufolio:edges.v1:20170218095911706_1_1	urn:cite2:fufolio:hmtGraph.v1:Iliad16a	urn:cite2:fufolio:hmtGraph.v1:Iliad16a	urn:cite2:fufolio:syntaxRelations.v1:PRED	urn:cite2:fufolio:syntaxToken.v1:0012_001_pers_16_83_1_0	PRED
urn:cite2:fufolio:edges.v1:20170218095911709_1_2	urn:cite2:fufolio:hmtGraph.v1:Iliad16a	urn:cite2:fufolio:hmtGraph.v1:Iliad16a	urn:cite2:fufolio:syntaxRelations.v1:AuxY	urn:cite2:fufolio:syntaxToken.v1:0012_001_pers_16_83_2_1	AuxY
urn:cite2:fufolio:edges.v1:20170218095911715_1_4	urn:cite2:fufolio:hmtGraph.v1:Iliad16a	urn:cite2:fufolio:syntaxToken.v1:0012_001_pers_16_83_10_9	urn:cite2:fufolio:syntaxRelations.v1:ADV	urn:cite2:fufolio:syntaxToken.v1:0012_001_pers_16_83_4_3	ADV
urn:cite2:fufolio:edges.v1:20170218095911717_1_5	urn:cite2:fufolio:hmtGraph.v1:Iliad16a	urn:cite2:fufolio:syntaxToken.v1:0012_001_pers_16_83_10_9	urn:cite2:fufolio:syntaxRelations.v1:SBJ	urn:cite2:fufolio:syntaxToken.v1:0012_001_pers_16_83_5_4	SBJ
urn:cite2:fufolio:edges.v1:20170218095911718_1_6	urn:cite2:fufolio:hmtGraph.v1:Iliad16a	urn:cite2:fufolio:syntaxToken.v1:0012_001_pers_16_83_7_6	urn:cite2:fufolio:syntaxRelations.v1:ATR	urn:cite2:fufolio:syntaxToken.v1:0012_001_pers_16_83_6_5	ATR
urn:cite2:fufolio:edges.v1:20170218095911720_1_7	urn:cite2:fufolio:hmtGraph.v1:Iliad16a	urn:cite2:fufolio:syntaxToken.v1:0012_001_pers_16_83_10_9	urn:cite2:fufolio:syntaxRelations.v1:OBJ	urn:cite2:fufolio:syntaxToken.v1:0012_001_pers_16_83_7_6	OBJ
urn:cite2:fufolio:edges.v1:20170218095911721_1_8	urn:cite2:fufolio:hmtGraph.v1:Iliad16a	urn:cite2:fufolio:syntaxToken.v1:0012_001_pers_16_83_10_9	urn:cite2:fufolio:syntaxRelations.v1:AuxP	urn:cite2:fufolio:syntaxToken.v1:0012_001_pers_16_83_8_7	AuxP
urn:cite2:fufolio:edges.v1:20170218095911723_1_9	urn:cite2:fufolio:hmtGraph.v1:Iliad16a	urn:cite2:fufolio:syntaxToken.v1:0012_001_pers_16_83_8_7	urn:cite2:fufolio:syntaxRelations.v1:ADV	urn:cite2:fufolio:syntaxToken.v1:0012_001_pers_16_83_9_8	ADV
urn:cite2:fufolio:edges.v1:20170218095911724_1_10	urn:cite2:fufolio:hmtGraph.v1:Iliad16a	urn:cite2:fufolio:syntaxToken.v1:0012_001_pers_16_83_3_2	urn:cite2:fufolio:syntaxRelations.v1:ADV	urn:cite2:fufolio:syntaxToken.v1:0012_001_pers_16_83_10_9	ADV
urn:cite2:fufolio:edges.v1:20170218095911729_1_13	urn:cite2:fufolio:hmtGraph.v1:Iliad16a	urn:cite2:fufolio:syntaxToken.v1:0012_001_pers_16_84_8_7	urn:cite2:fufolio:syntaxRelations.v1:ADV	urn:cite2:fufolio:syntaxToken.v1:0012_001_pers_16_84_2_1	ADV
urn:cite2:fufolio:edges.v1:20170218095911730_1_14	urn:cite2:fufolio:hmtGraph.v1:Iliad16a	urn:cite2:fufolio:syntaxToken.v1:0012_001_pers_16_84_8_7	urn:cite2:fufolio:syntaxRelations.v1:ADV	urn:cite2:fufolio:syntaxToken.v1:0012_001_pers_16_84_3_2	ADV
urn:cite2:fufolio:edges.v1:20170218095911731_1_15	urn:cite2:fufolio:hmtGraph.v1:Iliad16a	urn:cite2:fufolio:syntaxToken.v1:0012_001_pers_16_84_6_5	urn:cite2:fufolio:syntaxRelations.v1:OBJ_CO	urn:cite2:fufolio:syntaxToken.v1:0012_001_pers_16_84_4_3	OBJ_CO
urn:cite2:fufolio:edges.v1:20170218095911732_1_16	urn:cite2:fufolio:hmtGraph.v1:Iliad16a	urn:cite2:fufolio:syntaxToken.v1:0012_001_pers_16_84_4_3	urn:cite2:fufolio:syntaxRelations.v1:ATR	urn:cite2:fufolio:syntaxToken.v1:0012_001_pers_16_84_5_4	ATR
urn:cite2:fufolio:edges.v1:20170218095911735_1_17	urn:cite2:fufolio:hmtGraph.v1:Iliad16a	urn:cite2:fufolio:syntaxToken.v1:0012_001_pers_16_84_8_7	urn:cite2:fufolio:syntaxRelations.v1:COORD	urn:cite2:fufolio:syntaxToken.v1:0012_001_pers_16_84_6_5	COORD
urn:cite2:fufolio:edges.v1:20170218095911736_1_18	urn:cite2:fufolio:hmtGraph.v1:Iliad16a	urn:cite2:fufolio:syntaxToken.v1:0012_001_pers_16_84_6_5	urn:cite2:fufolio:syntaxRelations.v1:OBJ_CO	urn:cite2:fufolio:syntaxToken.v1:0012_001_pers_16_84_7_6	OBJ_CO
urn:cite2:fufolio:edges.v1:20170218095911737_1_19	urn:cite2:fufolio:hmtGraph.v1:Iliad16a	urn:cite2:fufolio:syntaxToken.v1:0012_001_pers_16_86_5_4	urn:cite2:fufolio:syntaxRelations.v1:ADV_CO	urn:cite2:fufolio:syntaxToken.v1:0012_001_pers_16_84_8_7	ADV_CO
urn:cite2:fufolio:edges.v1:20170218095911740_1_20	urn:cite2:fufolio:hmtGraph.v1:Iliad16a	urn:cite2:fufolio:syntaxToken.v1:0012_001_pers_16_84_8_7	urn:cite2:fufolio:syntaxRelations.v1:AuxP	urn:cite2:fufolio:syntaxToken.v1:0012_001_pers_16_85_1_0	AuxP
urn:cite2:fufolio:edges.v1:20170218095911741_1_21	urn:cite2:fufolio:hmtGraph.v1:Iliad16a	urn:cite2:fufolio:syntaxToken.v1:0012_001_pers_16_85_3_2	urn:cite2:fufolio:syntaxRelations.v1:ATR	urn:cite2:fufolio:syntaxToken.v1:0012_001_pers_16_85_2_1	ATR
urn:cite2:fufolio:edges.v1:20170218095911742_1_22	urn:cite2:fufolio:hmtGraph.v1:Iliad16a	urn:cite2:fufolio:syntaxToken.v1:0012_001_pers_16_85_1_0	urn:cite2:fufolio:syntaxRelations.v1:ADV	urn:cite2:fufolio:syntaxToken.v1:0012_001_pers_16_85_3_2	ADV
urn:cite2:fufolio:edges.v1:20170218095911743_1_24	urn:cite2:fufolio:hmtGraph.v1:Iliad16a	urn:cite2:fufolio:syntaxToken.v1:0012_001_pers_16_86_2_1	urn:cite2:fufolio:syntaxRelations.v1:AuxY	urn:cite2:fufolio:syntaxToken.v1:0012_001_pers_16_85_5_4	AuxY
urn:cite2:fufolio:edges.v1:20170218095911744_1_25	urn:cite2:fufolio:hmtGraph.v1:Iliad16a	urn:cite2:fufolio:syntaxToken.v1:0012_001_pers_16_86_2_1	urn:cite2:fufolio:syntaxRelations.v1:SBJ	urn:cite2:fufolio:syntaxToken.v1:0012_001_pers_16_85_6_5	SBJ
urn:cite2:fufolio:edges.v1:20170218095911745_1_26	urn:cite2:fufolio:hmtGraph.v1:Iliad16a	urn:cite2:fufolio:syntaxToken.v1:0012_001_pers_16_85_8_7	urn:cite2:fufolio:syntaxRelations.v1:ATR	urn:cite2:fufolio:syntaxToken.v1:0012_001_pers_16_85_7_6	ATR
urn:cite2:fufolio:edges.v1:20170218095911746_1_27	urn:cite2:fufolio:hmtGraph.v1:Iliad16a	urn:cite2:fufolio:syntaxToken.v1:0012_001_pers_16_86_2_1	urn:cite2:fufolio:syntaxRelations.v1:OBJ	urn:cite2:fufolio:syntaxToken.v1:0012_001_pers_16_85_8_7	OBJ
urn:cite2:fufolio:edges.v1:20170218095911747_1_28	urn:cite2:fufolio:hmtGraph.v1:Iliad16a	urn:cite2:fufolio:syntaxToken.v1:0012_001_pers_16_86_2_1	urn:cite2:fufolio:syntaxRelations.v1:ADV	urn:cite2:fufolio:syntaxToken.v1:0012_001_pers_16_86_1_0	ADV
urn:cite2:fufolio:edges.v1:20170218095911748_1_29	urn:cite2:fufolio:hmtGraph.v1:Iliad16a	urn:cite2:fufolio:syntaxToken.v1:0012_001_pers_16_86_5_4	urn:cite2:fufolio:syntaxRelations.v1:ADV_CO	urn:cite2:fufolio:syntaxToken.v1:0012_001_pers_16_86_2_1	ADV_CO
urn:cite2:fufolio:edges.v1:20170218095911749_1_31	urn:cite2:fufolio:hmtGraph.v1:Iliad16a	urn:cite2:fufolio:syntaxToken.v1:0012_001_pers_16_86_8_7	urn:cite2:fufolio:syntaxRelations.v1:ADV	urn:cite2:fufolio:syntaxToken.v1:0012_001_pers_16_86_4_3	ADV
urn:cite2:fufolio:edges.v1:20170218095911750_1_32	urn:cite2:fufolio:hmtGraph.v1:Iliad16a	urn:cite2:fufolio:syntaxToken.v1:0012_001_pers_16_84_1_0	urn:cite2:fufolio:syntaxRelations.v1:COORD	urn:cite2:fufolio:syntaxToken.v1:0012_001_pers_16_86_5_4	COORD
urn:cite2:fufolio:edges.v1:20170218095911751_1_33	urn:cite2:fufolio:hmtGraph.v1:Iliad16a	urn:cite2:fufolio:syntaxToken.v1:0012_001_pers_16_86_7_6	urn:cite2:fufolio:syntaxRelations.v1:ATR	urn:cite2:fufolio:syntaxToken.v1:0012_001_pers_16_86_6_5	ATR
urn:cite2:fufolio:edges.v1:20170218095911752_1_34	urn:cite2:fufolio:hmtGraph.v1:Iliad16a	urn:cite2:fufolio:syntaxToken.v1:0012_001_pers_16_86_8_7	urn:cite2:fufolio:syntaxRelations.v1:OBJ	urn:cite2:fufolio:syntaxToken.v1:0012_001_pers_16_86_7_6	OBJ
urn:cite2:fufolio:edges.v1:20170218095911753_1_35	urn:cite2:fufolio:hmtGraph.v1:Iliad16a	urn:cite2:fufolio:syntaxToken.v1:0012_001_pers_16_86_5_4	urn:cite2:fufolio:syntaxRelations.v1:ADV_CO	urn:cite2:fufolio:syntaxToken.v1:0012_001_pers_16_86_8_7	ADV_CO
urn:cite2:fufolio:edges.v1:20170218095911754_1_37	urn:cite2:fufolio:hmtGraph.v1:Iliad16a	urn:cite2:fufolio:syntaxToken.v1:0012_001_pers_16_87_3_2	urn:cite2:fufolio:syntaxRelations.v1:AuxP	urn:cite2:fufolio:syntaxToken.v1:0012_001_pers_16_87_1_0	AuxP
urn:cite2:fufolio:edges.v1:20170218095911755_1_38	urn:cite2:fufolio:hmtGraph.v1:Iliad16a	urn:cite2:fufolio:syntaxToken.v1:0012_001_pers_16_87_1_0	urn:cite2:fufolio:syntaxRelations.v1:ADV	urn:cite2:fufolio:syntaxToken.v1:0012_001_pers_16_87_2_1	ADV
urn:cite2:fufolio:edges.v1:20170218095911756_1_39	urn:cite2:fufolio:hmtGraph.v1:Iliad16a	urn:cite2:fufolio:syntaxToken.v1:0012_001_pers_16_87_4_3	urn:cite2:fufolio:syntaxRelations.v1:ADV	urn:cite2:fufolio:syntaxToken.v1:0012_001_pers_16_87_3_2	ADV
urn:cite2:fufolio:edges.v1:20170218095911758_1_41	urn:cite2:fufolio:hmtGraph.v1:Iliad16a	urn:cite2:fufolio:syntaxToken.v1:0012_001_pers_16_87_4_3	urn:cite2:fufolio:syntaxRelations.v1:ADV	urn:cite2:fufolio:syntaxToken.v1:0012_001_pers_16_87_5_4	ADV
urn:cite2:fufolio:edges.v1:20170218095912114_1_1	urn:cite2:fufolio:hmtGraph.v1:Iliad16b	urn:cite2:fufolio:hmtGraph.v1:Iliad16b	urn:cite2:fufolio:syntaxRelations.v1:PRED	urn:cite2:fufolio:syntaxToken.v1:0012_001_pers_16_83_1_0	PRED
urn:cite2:fufolio:edges.v1:20170218095912115_1_2	urn:cite2:fufolio:hmtGraph.v1:Iliad16b	urn:cite2:fufolio:hmtGraph.v1:Iliad16b	urn:cite2:fufolio:syntaxRelations.v1:AuxY	urn:cite2:fufolio:syntaxToken.v1:0012_001_pers_16_83_2_1	AuxY
urn:cite2:fufolio:edges.v1:20170218095912117_1_4	urn:cite2:fufolio:hmtGraph.v1:Iliad16b	urn:cite2:fufolio:syntaxToken.v1:0012_001_pers_16_83_10_9	urn:cite2:fufolio:syntaxRelations.v1:ADV	urn:cite2:fufolio:syntaxToken.v1:0012_001_pers_16_83_4_3	ADV
urn:cite2:fufolio:edges.v1:20170218095912117_1_5	urn:cite2:fufolio:hmtGraph.v1:Iliad16b	urn:cite2:fufolio:syntaxToken.v1:0012_001_pers_16_83_10_9	urn:cite2:fufolio:syntaxRelations.v1:SBJ	urn:cite2:fufolio:syntaxToken.v1:0012_001_pers_16_83_5_4	SBJ
urn:cite2:fufolio:edges.v1:20170218095912118_1_6	urn:cite2:fufolio:hmtGraph.v1:Iliad16b	urn:cite2:fufolio:syntaxToken.v1:0012_001_pers_16_83_7_6	urn:cite2:fufolio:syntaxRelations.v1:ATR	urn:cite2:fufolio:syntaxToken.v1:0012_001_pers_16_83_6_5	ATR
urn:cite2:fufolio:edges.v1:20170218095912119_1_7	urn:cite2:fufolio:hmtGraph.v1:Iliad16b	urn:cite2:fufolio:syntaxToken.v1:0012_001_pers_16_83_10_9	urn:cite2:fufolio:syntaxRelations.v1:OBJ	urn:cite2:fufolio:syntaxToken.v1:0012_001_pers_16_83_7_6	OBJ
urn:cite2:fufolio:edges.v1:20170218095912120_1_8	urn:cite2:fufolio:hmtGraph.v1:Iliad16b	urn:cite2:fufolio:syntaxToken.v1:0012_001_pers_16_83_10_9	urn:cite2:fufolio:syntaxRelations.v1:AuxP	urn:cite2:fufolio:syntaxToken.v1:0012_001_pers_16_83_8_7	AuxP
urn:cite2:fufolio:edges.v1:20170218095912121_1_9	urn:cite2:fufolio:hmtGraph.v1:Iliad16b	urn:cite2:fufolio:syntaxToken.v1:0012_001_pers_16_83_8_7	urn:cite2:fufolio:syntaxRelations.v1:ADV	urn:cite2:fufolio:syntaxToken.v1:0012_001_pers_16_83_9_8	ADV
urn:cite2:fufolio:edges.v1:20170218095912122_1_10	urn:cite2:fufolio:hmtGraph.v1:Iliad16b	urn:cite2:fufolio:syntaxToken.v1:0012_001_pers_16_83_3_2	urn:cite2:fufolio:syntaxRelations.v1:ADV	urn:cite2:fufolio:syntaxToken.v1:0012_001_pers_16_83_10_9	ADV
urn:cite2:fufolio:edges.v1:20170218095912124_1_12	urn:cite2:fufolio:hmtGraph.v1:Iliad16b	urn:cite2:fufolio:syntaxToken.v1:0012_001_pers_16_87_4_3	urn:cite2:fufolio:syntaxRelations.v1:AuxC	urn:cite2:fufolio:syntaxToken.v1:0012_001_pers_16_84_1_0	AuxC
urn:cite2:fufolio:edges.v1:20170218095912124_1_13	urn:cite2:fufolio:hmtGraph.v1:Iliad16b	urn:cite2:fufolio:syntaxToken.v1:0012_001_pers_16_84_8_7	urn:cite2:fufolio:syntaxRelations.v1:ADV	urn:cite2:fufolio:syntaxToken.v1:0012_001_pers_16_84_2_1	ADV
urn:cite2:fufolio:edges.v1:20170218095912125_1_14	urn:cite2:fufolio:hmtGraph.v1:Iliad16b	urn:cite2:fufolio:syntaxToken.v1:0012_001_pers_16_84_8_7	urn:cite2:fufolio:syntaxRelations.v1:ADV	urn:cite2:fufolio:syntaxToken.v1:0012_001_pers_16_84_3_2	ADV
urn:cite2:fufolio:edges.v1:20170218095912126_1_15	urn:cite2:fufolio:hmtGraph.v1:Iliad16b	urn:cite2:fufolio:syntaxToken.v1:0012_001_pers_16_84_6_5	urn:cite2:fufolio:syntaxRelations.v1:OBJ_CO	urn:cite2:fufolio:syntaxToken.v1:0012_001_pers_16_84_4_3	OBJ_CO
urn:cite2:fufolio:edges.v1:20170218095912126_1_16	urn:cite2:fufolio:hmtGraph.v1:Iliad16b	urn:cite2:fufolio:syntaxToken.v1:0012_001_pers_16_84_4_3	urn:cite2:fufolio:syntaxRelations.v1:ATR	urn:cite2:fufolio:syntaxToken.v1:0012_001_pers_16_84_5_4	ATR
urn:cite2:fufolio:edges.v1:20170218095912127_1_17	urn:cite2:fufolio:hmtGraph.v1:Iliad16b	urn:cite2:fufolio:syntaxToken.v1:0012_001_pers_16_84_8_7	urn:cite2:fufolio:syntaxRelations.v1:COORD	urn:cite2:fufolio:syntaxToken.v1:0012_001_pers_16_84_6_5	COORD
urn:cite2:fufolio:edges.v1:20170218095912128_1_18	urn:cite2:fufolio:hmtGraph.v1:Iliad16b	urn:cite2:fufolio:syntaxToken.v1:0012_001_pers_16_84_6_5	urn:cite2:fufolio:syntaxRelations.v1:OBJ_CO	urn:cite2:fufolio:syntaxToken.v1:0012_001_pers_16_84_7_6	OBJ_CO
urn:cite2:fufolio:edges.v1:20170218095912129_1_19	urn:cite2:fufolio:hmtGraph.v1:Iliad16b	urn:cite2:fufolio:syntaxToken.v1:0012_001_pers_16_86_5_4	urn:cite2:fufolio:syntaxRelations.v1:ADV_CO	urn:cite2:fufolio:syntaxToken.v1:0012_001_pers_16_84_8_7	ADV_CO
urn:cite2:fufolio:edges.v1:20170218095912129_1_20	urn:cite2:fufolio:hmtGraph.v1:Iliad16b	urn:cite2:fufolio:syntaxToken.v1:0012_001_pers_16_84_8_7	urn:cite2:fufolio:syntaxRelations.v1:AuxP	urn:cite2:fufolio:syntaxToken.v1:0012_001_pers_16_85_1_0	AuxP
urn:cite2:fufolio:edges.v1:20170218095912130_1_21	urn:cite2:fufolio:hmtGraph.v1:Iliad16b	urn:cite2:fufolio:syntaxToken.v1:0012_001_pers_16_85_3_2	urn:cite2:fufolio:syntaxRelations.v1:ATR	urn:cite2:fufolio:syntaxToken.v1:0012_001_pers_16_85_2_1	ATR
urn:cite2:fufolio:edges.v1:20170218095912131_1_22	urn:cite2:fufolio:hmtGraph.v1:Iliad16b	urn:cite2:fufolio:syntaxToken.v1:0012_001_pers_16_85_1_0	urn:cite2:fufolio:syntaxRelations.v1:ADV	urn:cite2:fufolio:syntaxToken.v1:0012_001_pers_16_85_3_2	ADV
urn:cite2:fufolio:edges.v1:20170218095912133_1_24	urn:cite2:fufolio:hmtGraph.v1:Iliad16b	urn:cite2:fufolio:syntaxToken.v1:0012_001_pers_16_86_2_1	urn:cite2:fufolio:syntaxRelations.v1:AuxY	urn:cite2:fufolio:syntaxToken.v1:0012_001_pers_16_85_5_4	AuxY
urn:cite2:fufolio:edges.v1:20170218095912133_1_25	urn:cite2:fufolio:hmtGraph.v1:Iliad16b	urn:cite2:fufolio:syntaxToken.v1:0012_001_pers_16_86_2_1	urn:cite2:fufolio:syntaxRelations.v1:SBJ	urn:cite2:fufolio:syntaxToken.v1:0012_001_pers_16_85_6_5	SBJ
urn:cite2:fufolio:edges.v1:20170218095912134_1_26	urn:cite2:fufolio:hmtGraph.v1:Iliad16b	urn:cite2:fufolio:syntaxToken.v1:0012_001_pers_16_85_8_7	urn:cite2:fufolio:syntaxRelations.v1:ATR	urn:cite2:fufolio:syntaxToken.v1:0012_001_pers_16_85_7_6	ATR
urn:cite2:fufolio:edges.v1:20170218095912135_1_27	urn:cite2:fufolio:hmtGraph.v1:Iliad16b	urn:cite2:fufolio:syntaxToken.v1:0012_001_pers_16_86_2_1	urn:cite2:fufolio:syntaxRelations.v1:OBJ	urn:cite2:fufolio:syntaxToken.v1:0012_001_pers_16_85_8_7	OBJ
urn:cite2:fufolio:edges.v1:20170218095912136_1_28	urn:cite2:fufolio:hmtGraph.v1:Iliad16b	urn:cite2:fufolio:syntaxToken.v1:0012_001_pers_16_86_2_1	urn:cite2:fufolio:syntaxRelations.v1:ADV	urn:cite2:fufolio:syntaxToken.v1:0012_001_pers_16_86_1_0	ADV
urn:cite2:fufolio:edges.v1:20170218095912136_1_29	urn:cite2:fufolio:hmtGraph.v1:Iliad16b	urn:cite2:fufolio:syntaxToken.v1:0012_001_pers_16_86_5_4	urn:cite2:fufolio:syntaxRelations.v1:ADV_CO	urn:cite2:fufolio:syntaxToken.v1:0012_001_pers_16_86_2_1	ADV_CO
urn:cite2:fufolio:edges.v1:20170218095912138_1_31	urn:cite2:fufolio:hmtGraph.v1:Iliad16b	urn:cite2:fufolio:syntaxToken.v1:0012_001_pers_16_86_8_7	urn:cite2:fufolio:syntaxRelations.v1:ADV	urn:cite2:fufolio:syntaxToken.v1:0012_001_pers_16_86_4_3	ADV
urn:cite2:fufolio:edges.v1:20170218095912139_1_32	urn:cite2:fufolio:hmtGraph.v1:Iliad16b	urn:cite2:fufolio:syntaxToken.v1:0012_001_pers_16_84_1_0	urn:cite2:fufolio:syntaxRelations.v1:COORD	urn:cite2:fufolio:syntaxToken.v1:0012_001_pers_16_86_5_4	COORD
urn:cite2:fufolio:edges.v1:20170218095912139_1_33	urn:cite2:fufolio:hmtGraph.v1:Iliad16b	urn:cite2:fufolio:syntaxToken.v1:0012_001_pers_16_86_7_6	urn:cite2:fufolio:syntaxRelations.v1:ATR	urn:cite2:fufolio:syntaxToken.v1:0012_001_pers_16_86_6_5	ATR
urn:cite2:fufolio:edges.v1:20170218095912140_1_34	urn:cite2:fufolio:hmtGraph.v1:Iliad16b	urn:cite2:fufolio:syntaxToken.v1:0012_001_pers_16_86_8_7	urn:cite2:fufolio:syntaxRelations.v1:OBJ	urn:cite2:fufolio:syntaxToken.v1:0012_001_pers_16_86_7_6	OBJ
urn:cite2:fufolio:edges.v1:20170218095912140_1_35	urn:cite2:fufolio:hmtGraph.v1:Iliad16b	urn:cite2:fufolio:syntaxToken.v1:0012_001_pers_16_86_5_4	urn:cite2:fufolio:syntaxRelations.v1:ADV_CO	urn:cite2:fufolio:syntaxToken.v1:0012_001_pers_16_86_8_7	ADV_CO
urn:cite2:fufolio:edges.v1:20170218095912144_1_37	urn:cite2:fufolio:hmtGraph.v1:Iliad16b	urn:cite2:fufolio:syntaxToken.v1:0012_001_pers_16_87_3_2	urn:cite2:fufolio:syntaxRelations.v1:AuxP	urn:cite2:fufolio:syntaxToken.v1:0012_001_pers_16_87_1_0	AuxP
urn:cite2:fufolio:edges.v1:20170218095912145_1_38	urn:cite2:fufolio:hmtGraph.v1:Iliad16b	urn:cite2:fufolio:syntaxToken.v1:0012_001_pers_16_87_1_0	urn:cite2:fufolio:syntaxRelations.v1:ADV	urn:cite2:fufolio:syntaxToken.v1:0012_001_pers_16_87_2_1	ADV
urn:cite2:fufolio:edges.v1:20170218095912147_1_39	urn:cite2:fufolio:hmtGraph.v1:Iliad16b	urn:cite2:fufolio:syntaxToken.v1:0012_001_pers_16_87_4_3	urn:cite2:fufolio:syntaxRelations.v1:ADV	urn:cite2:fufolio:syntaxToken.v1:0012_001_pers_16_87_3_2	ADV
urn:cite2:fufolio:edges.v1:20170218095912149_1_41	urn:cite2:fufolio:hmtGraph.v1:Iliad16b	urn:cite2:fufolio:syntaxToken.v1:0012_001_pers_16_87_4_3	urn:cite2:fufolio:syntaxRelations.v1:ADV	urn:cite2:fufolio:syntaxToken.v1:0012_001_pers_16_87_5_4	ADV
urn:cite2:fufolio:edges.v1:20170218095912407_1_1	urn:cite2:fufolio:hmtGraph.v1:IliadAristarchus	urn:cite2:fufolio:hmtGraph.v1:IliadAristarchus	urn:cite2:fufolio:syntaxRelations.v1:ADV	urn:cite2:fufolio:syntaxToken.v1:0012_001_pers_24_3_6_5	ADV
urn:cite2:fufolio:edges.v1:20170218095912408_1_2	urn:cite2:fufolio:hmtGraph.v1:IliadAristarchus	urn:cite2:fufolio:syntaxToken.v1:0012_001_pers_24_4_1_0	urn:cite2:fufolio:syntaxRelations.v1:SBJ	urn:cite2:fufolio:syntaxToken.v1:0012_001_pers_24_3_7_6	SBJ
urn:cite2:fufolio:edges.v1:20170218095912409_1_3	urn:cite2:fufolio:hmtGraph.v1:IliadAristarchus	urn:cite2:fufolio:syntaxToken.v1:0012_001_pers_24_5_4_3	urn:cite2:fufolio:syntaxRelations.v1:PRED_CO	urn:cite2:fufolio:syntaxToken.v1:0012_001_pers_24_4_1_0	PRED_CO
urn:cite2:fufolio:edges.v1:20170218095912409_1_4	urn:cite2:fufolio:hmtGraph.v1:IliadAristarchus	urn:cite2:fufolio:syntaxToken.v1:0012_001_pers_24_4_3_2	urn:cite2:fufolio:syntaxRelations.v1:ATR	urn:cite2:fufolio:syntaxToken.v1:0012_001_pers_24_4_2_1	ATR
urn:cite2:fufolio:edges.v1:20170218095912410_1_5	urn:cite2:fufolio:hmtGraph.v1:IliadAristarchus	urn:cite2:fufolio:syntaxToken.v1:0012_001_pers_24_4_4_3	urn:cite2:fufolio:syntaxRelations.v1:OBJ	urn:cite2:fufolio:syntaxToken.v1:0012_001_pers_24_4_3_2	OBJ
urn:cite2:fufolio:edges.v1:20170218095912411_1_6	urn:cite2:fufolio:hmtGraph.v1:IliadAristarchus	urn:cite2:fufolio:syntaxToken.v1:0012_001_pers_24_4_1_0	urn:cite2:fufolio:syntaxRelations.v1:ADV	urn:cite2:fufolio:syntaxToken.v1:0012_001_pers_24_4_4_3	ADV
urn:cite2:fufolio:edges.v1:20170218095912412_1_8	urn:cite2:fufolio:hmtGraph.v1:IliadAristarchus	urn:cite2:fufolio:syntaxToken.v1:0012_001_pers_24_5_1_0	urn:cite2:fufolio:syntaxRelations.v1:AuxZ	urn:cite2:fufolio:syntaxToken.v1:0012_001_pers_24_4_6a_5	AuxZ
urn:cite2:fufolio:edges.v1:20170218095912413_1_9	urn:cite2:fufolio:hmtGraph.v1:IliadAristarchus	urn:cite2:fufolio:syntaxToken.v1:0012_001_pers_24_5_1_0	urn:cite2:fufolio:syntaxRelations.v1:AuxY	urn:cite2:fufolio:syntaxToken.v1:0012_001_pers_24_4_6b_5	AuxY
urn:cite2:fufolio:edges.v1:20170218095912413_1_10	urn:cite2:fufolio:hmtGraph.v1:IliadAristarchus	urn:cite2:fufolio:syntaxToken.v1:0012_001_pers_24_5_1_0	urn:cite2:fufolio:syntaxRelations.v1:OBJ	urn:cite2:fufolio:syntaxToken.v1:0012_001_pers_24_4_7_6	OBJ
urn:cite2:fufolio:edges.v1:20170218095912415_1_11	urn:cite2:fufolio:hmtGraph.v1:IliadAristarchus	urn:cite2:fufolio:syntaxToken.v1:0012_001_pers_24_5_1_0	urn:cite2:fufolio:syntaxRelations.v1:SBJ	urn:cite2:fufolio:syntaxToken.v1:0012_001_pers_24_4_8_7	SBJ
urn:cite2:fufolio:edges.v1:20170218095912416_1_12	urn:cite2:fufolio:hmtGraph.v1:IliadAristarchus	urn:cite2:fufolio:syntaxToken.v1:0012_001_pers_24_5_4_3	urn:cite2:fufolio:syntaxRelations.v1:PRED_CO	urn:cite2:fufolio:syntaxToken.v1:0012_001_pers_24_5_1_0	PRED_CO
urn:cite2:fufolio:edges.v1:20170218095912416_1_13	urn:cite2:fufolio:hmtGraph.v1:IliadAristarchus	urn:cite2:fufolio:syntaxToken.v1:0012_001_pers_24_4_8_7	urn:cite2:fufolio:syntaxRelations.v1:ATR	urn:cite2:fufolio:syntaxToken.v1:0012_001_pers_24_5_2_1	ATR
urn:cite2:fufolio:edges.v1:20170218095912417_1_15	urn:cite2:fufolio:hmtGraph.v1:IliadAristarchus	urn:cite2:fufolio:hmtGraph.v1:IliadAristarchus	urn:cite2:fufolio:syntaxRelations.v1:COORD	urn:cite2:fufolio:syntaxToken.v1:0012_001_pers_24_5_4_3	COORD
urn:cite2:fufolio:edges.v1:20170218095912418_1_16	urn:cite2:fufolio:hmtGraph.v1:IliadAristarchus	urn:cite2:fufolio:syntaxToken.v1:0012_001_pers_24_5_4_3	urn:cite2:fufolio:syntaxRelations.v1:PRED	urn:cite2:fufolio:syntaxToken.v1:0012_001_pers_24_5_5_4	PRED
urn:cite2:fufolio:edges.v1:20170218095912418_1_17	urn:cite2:fufolio:hmtGraph.v1:IliadAristarchus	urn:cite2:fufolio:syntaxToken.v1:0012_001_pers_24_5_7_6	urn:cite2:fufolio:syntaxRelations.v1:ADV_CO	urn:cite2:fufolio:syntaxToken.v1:0012_001_pers_24_5_6_5	ADV_CO
urn:cite2:fufolio:edges.v1:20170218095912419_1_18	urn:cite2:fufolio:hmtGraph.v1:IliadAristarchus	urn:cite2:fufolio:syntaxToken.v1:0012_001_pers_24_5_5_4	urn:cite2:fufolio:syntaxRelations.v1:COORD	urn:cite2:fufolio:syntaxToken.v1:0012_001_pers_24_5_7_6	COORD
urn:cite2:fufolio:edges.v1:20170218095912419_1_19	urn:cite2:fufolio:hmtGraph.v1:IliadAristarchus	urn:cite2:fufolio:syntaxToken.v1:0012_001_pers_24_5_7_6	urn:cite2:fufolio:syntaxRelations.v1:ADV_CO	urn:cite2:fufolio:syntaxToken.v1:0012_001_pers_24_5_8_7	ADV_CO
urn:cite2:fufolio:edges.v1:20170218095912441_1_55	urn:cite2:fufolio:hmtGraph.v1:IliadAristarchus	urn:cite2:fufolio:syntaxToken.v1:0012_001_pers_24_10_3_2	urn:cite2:fufolio:syntaxRelations.v1:ADV	urn:cite2:fufolio:syntaxToken.v1:0012_001_pers_24_10_1_0	ADV
urn:cite2:fufolio:edges.v1:20170218095912441_1_56	urn:cite2:fufolio:hmtGraph.v1:IliadAristarchus	urn:cite2:fufolio:syntaxToken.v1:0012_001_pers_24_11_4_3	urn:cite2:fufolio:syntaxRelations.v1:AuxP	urn:cite2:fufolio:syntaxToken.v1:0012_001_pers_24_10_2_1	AuxP
urn:cite2:fufolio:edges.v1:20170218095912442_1_57	urn:cite2:fufolio:hmtGraph.v1:IliadAristarchus	urn:cite2:fufolio:syntaxToken.v1:0012_001_pers_24_10_2_1	urn:cite2:fufolio:syntaxRelations.v1:ADV_CO	urn:cite2:fufolio:syntaxToken.v1:0012_001_pers_24_10_3_2	ADV_CO
urn:cite2:fufolio:edges.v1:20170218095912442_1_58	urn:cite2:fufolio:hmtGraph.v1:IliadAristarchus	urn:cite2:fufolio:syntaxToken.v1:0012_001_pers_24_5_5_4	urn:cite2:fufolio:syntaxRelations.v1:ADV	urn:cite2:fufolio:syntaxToken.v1:0012_001_pers_24_10_4_3	ADV
urn:cite2:fufolio:edges.v1:20170218095912443_1_60	urn:cite2:fufolio:hmtGraph.v1:IliadAristarchus	urn:cite2:fufolio:syntaxToken.v1:0012_001_pers_24_11_1_0	urn:cite2:fufolio:syntaxRelations.v1:ADV	urn:cite2:fufolio:syntaxToken.v1:0012_001_pers_24_10_6_5	ADV
urn:cite2:fufolio:edges.v1:20170218095912444_1_61	urn:cite2:fufolio:hmtGraph.v1:IliadAristarchus	urn:cite2:fufolio:syntaxToken.v1:0012_001_pers_24_11_1_0	urn:cite2:fufolio:syntaxRelations.v1:AuxY	urn:cite2:fufolio:syntaxToken.v1:0012_001_pers_24_10_7_6	AuxY
urn:cite2:fufolio:edges.v1:20170218095912445_1_63	urn:cite2:fufolio:hmtGraph.v1:IliadAristarchus	urn:cite2:fufolio:syntaxToken.v1:0012_001_pers_24_11_4_3	urn:cite2:fufolio:syntaxRelations.v1:ADV_CO	urn:cite2:fufolio:syntaxToken.v1:0012_001_pers_24_11_1_0	ADV_CO
urn:cite2:fufolio:edges.v1:20170218095912447_1_65	urn:cite2:fufolio:hmtGraph.v1:IliadAristarchus	urn:cite2:fufolio:syntaxToken.v1:0012_001_pers_24_11_5_4	urn:cite2:fufolio:syntaxRelations.v1:ADV	urn:cite2:fufolio:syntaxToken.v1:0012_001_pers_24_11_3_2	ADV
urn:cite2:fufolio:edges.v1:20170218095912447_1_66	urn:cite2:fufolio:hmtGraph.v1:IliadAristarchus	urn:cite2:fufolio:syntaxToken.v1:0012_001_pers_24_10_4_3	urn:cite2:fufolio:syntaxRelations.v1:COORD	urn:cite2:fufolio:syntaxToken.v1:0012_001_pers_24_11_4_3	COORD
urn:cite2:fufolio:edges.v1:20170218095912448_1_67	urn:cite2:fufolio:hmtGraph.v1:IliadAristarchus	urn:cite2:fufolio:syntaxToken.v1:0012_001_pers_24_11_4_3	urn:cite2:fufolio:syntaxRelations.v1:ADV_CO	urn:cite2:fufolio:syntaxToken.v1:0012_001_pers_24_11_5_4	ADV_CO
urn:cite2:fufolio:edges.v1:20170218095912448_1_68	urn:cite2:fufolio:hmtGraph.v1:IliadAristarchus	urn:cite2:fufolio:hmtGraph.v1:IliadAristarchus	urn:cite2:fufolio:syntaxRelations.v1:AuxK	urn:cite2:fufolio:syntaxToken.v1:0012_001_pers_24_11_6_5	AuxK
urn:cite2:fufolio:edges.v1:20170218095912889_1_1	urn:cite2:fufolio:hmtGraph.v1:Iliad24Default	urn:cite2:fufolio:hmtGraph.v1:Iliad24Default	urn:cite2:fufolio:syntaxRelations.v1:ADV	urn:cite2:fufolio:syntaxToken.v1:0012_001_pers_24_3_6_5	ADV
urn:cite2:fufolio:edges.v1:20170218095912890_1_2	urn:cite2:fufolio:hmtGraph.v1:Iliad24Default	urn:cite2:fufolio:syntaxToken.v1:0012_001_pers_24_4_1_0	urn:cite2:fufolio:syntaxRelations.v1:SBJ	urn:cite2:fufolio:syntaxToken.v1:0012_001_pers_24_3_7_6	SBJ
urn:cite2:fufolio:edges.v1:20170218095912891_1_3	urn:cite2:fufolio:hmtGraph.v1:Iliad24Default	urn:cite2:fufolio:syntaxToken.v1:0012_001_pers_24_7_2_1	urn:cite2:fufolio:syntaxRelations.v1:PRED_CO	urn:cite2:fufolio:syntaxToken.v1:0012_001_pers_24_4_1_0	PRED_CO
urn:cite2:fufolio:edges.v1:20170218095912895_1_4	urn:cite2:fufolio:hmtGraph.v1:Iliad24Default	urn:cite2:fufolio:syntaxToken.v1:0012_001_pers_24_4_3_2	urn:cite2:fufolio:syntaxRelations.v1:ATR	urn:cite2:fufolio:syntaxToken.v1:0012_001_pers_24_4_2_1	ATR
urn:cite2:fufolio:edges.v1:20170218095912896_1_5	urn:cite2:fufolio:hmtGraph.v1:Iliad24Default	urn:cite2:fufolio:syntaxToken.v1:0012_001_pers_24_4_4_3	urn:cite2:fufolio:syntaxRelations.v1:OBJ	urn:cite2:fufolio:syntaxToken.v1:0012_001_pers_24_4_3_2	OBJ
urn:cite2:fufolio:edges.v1:20170218095912897_1_6	urn:cite2:fufolio:hmtGraph.v1:Iliad24Default	urn:cite2:fufolio:syntaxToken.v1:0012_001_pers_24_4_1_0	urn:cite2:fufolio:syntaxRelations.v1:ADV	urn:cite2:fufolio:syntaxToken.v1:0012_001_pers_24_4_4_3	ADV
urn:cite2:fufolio:edges.v1:20170218095912899_1_8	urn:cite2:fufolio:hmtGraph.v1:Iliad24Default	urn:cite2:fufolio:syntaxToken.v1:0012_001_pers_24_5_1_0	urn:cite2:fufolio:syntaxRelations.v1:ADV	urn:cite2:fufolio:syntaxToken.v1:0012_001_pers_24_4_6a_5	ADV
urn:cite2:fufolio:edges.v1:20170218095912900_1_9	urn:cite2:fufolio:hmtGraph.v1:Iliad24Default	urn:cite2:fufolio:syntaxToken.v1:0012_001_pers_24_5_1_0	urn:cite2:fufolio:syntaxRelations.v1:AuxY	urn:cite2:fufolio:syntaxToken.v1:0012_001_pers_24_4_6b_5	AuxY
urn:cite2:fufolio:edges.v1:20170218095912901_1_10	urn:cite2:fufolio:hmtGraph.v1:Iliad24Default	urn:cite2:fufolio:syntaxToken.v1:0012_001_pers_24_5_1_0	urn:cite2:fufolio:syntaxRelations.v1:OBJ	urn:cite2:fufolio:syntaxToken.v1:0012_001_pers_24_4_7_6	OBJ
urn:cite2:fufolio:edges.v1:20170218095912901_1_11	urn:cite2:fufolio:hmtGraph.v1:Iliad24Default	urn:cite2:fufolio:syntaxToken.v1:0012_001_pers_24_5_1_0	urn:cite2:fufolio:syntaxRelations.v1:SBJ	urn:cite2:fufolio:syntaxToken.v1:0012_001_pers_24_4_8_7	SBJ
urn:cite2:fufolio:edges.v1:20170218095912903_1_12	urn:cite2:fufolio:hmtGraph.v1:Iliad24Default	urn:cite2:fufolio:syntaxToken.v1:0012_001_pers_24_7_2_1	urn:cite2:fufolio:syntaxRelations.v1:PRED_CO	urn:cite2:fufolio:syntaxToken.v1:0012_001_pers_24_5_1_0	PRED_CO
urn:cite2:fufolio:edges.v1:20170218095912904_1_13	urn:cite2:fufolio:hmtGraph.v1:Iliad24Default	urn:cite2:fufolio:syntaxToken.v1:0012_001_pers_24_4_8_7	urn:cite2:fufolio:syntaxRelations.v1:ATR	urn:cite2:fufolio:syntaxToken.v1:0012_001_pers_24_5_2_1	ATR
urn:cite2:fufolio:edges.v1:20170218095912906_1_15	urn:cite2:fufolio:hmtGraph.v1:Iliad24Default	urn:cite2:fufolio:syntaxToken.v1:0012_001_pers_24_5_5_4	urn:cite2:fufolio:syntaxRelations.v1:AuxY	urn:cite2:fufolio:syntaxToken.v1:0012_001_pers_24_5_4_3	AuxY
urn:cite2:fufolio:edges.v1:20170218095912907_1_16	urn:cite2:fufolio:hmtGraph.v1:Iliad24Default	urn:cite2:fufolio:syntaxToken.v1:0012_001_pers_24_7_2_1	urn:cite2:fufolio:syntaxRelations.v1:PRED_CO	urn:cite2:fufolio:syntaxToken.v1:0012_001_pers_24_5_5_4	PRED_CO
urn:cite2:fufolio:edges.v1:20170218095912907_1_17	urn:cite2:fufolio:hmtGraph.v1:Iliad24Default	urn:cite2:fufolio:syntaxToken.v1:0012_001_pers_24_5_7_6	urn:cite2:fufolio:syntaxRelations.v1:ADV_CO	urn:cite2:fufolio:syntaxToken.v1:0012_001_pers_24_5_6_5	ADV_CO
urn:cite2:fufolio:edges.v1:20170218095912908_1_18	urn:cite2:fufolio:hmtGraph.v1:Iliad24Default	urn:cite2:fufolio:syntaxToken.v1:0012_001_pers_24_5_5_4	urn:cite2:fufolio:syntaxRelations.v1:COORD	urn:cite2:fufolio:syntaxToken.v1:0012_001_pers_24_5_7_6	COORD
urn:cite2:fufolio:edges.v1:20170218095912908_1_19	urn:cite2:fufolio:hmtGraph.v1:Iliad24Default	urn:cite2:fufolio:syntaxToken.v1:0012_001_pers_24_5_7_6	urn:cite2:fufolio:syntaxRelations.v1:ADV_CO	urn:cite2:fufolio:syntaxToken.v1:0012_001_pers_24_5_8_7	ADV_CO
urn:cite2:fufolio:edges.v1:20170218095912909_1_21	urn:cite2:fufolio:hmtGraph.v1:Iliad24Default	urn:cite2:fufolio:syntaxToken.v1:0012_001_pers_24_6_4_3	urn:cite2:fufolio:syntaxRelations.v1:ATR	urn:cite2:fufolio:syntaxToken.v1:0012_001_pers_24_6_2_1	ATR
urn:cite2:fufolio:edges.v1:20170218095912910_1_22	urn:cite2:fufolio:hmtGraph.v1:Iliad24Default	urn:cite2:fufolio:syntaxToken.v1:0012_001_pers_24_7_2_1	urn:cite2:fufolio:syntaxRelations.v1:ADV	urn:cite2:fufolio:syntaxToken.v1:0012_001_pers_24_6_3_2	ADV
urn:cite2:fufolio:edges.v1:20170218095912910_1_23	urn:cite2:fufolio:hmtGraph.v1:Iliad24Default	urn:cite2:fufolio:syntaxToken.v1:0012_001_pers_24_6_6_5	urn:cite2:fufolio:syntaxRelations.v1:OBJ_CO	urn:cite2:fufolio:syntaxToken.v1:0012_001_pers_24_6_4_3	OBJ_CO
urn:cite2:fufolio:edges.v1:20170218095912911_1_24	urn:cite2:fufolio:hmtGraph.v1:Iliad24Default	urn:cite2:fufolio:syntaxToken.v1:0012_001_pers_24_6_4_3	urn:cite2:fufolio:syntaxRelations.v1:AuxY	urn:cite2:fufolio:syntaxToken.v1:0012_001_pers_24_6_5_4	AuxY
urn:cite2:fufolio:edges.v1:20170218095912913_1_25	urn:cite2:fufolio:hmtGraph.v1:Iliad24Default	urn:cite2:fufolio:syntaxToken.v1:0012_001_pers_24_6_3_2	urn:cite2:fufolio:syntaxRelations.v1:AuxY	urn:cite2:fufolio:syntaxToken.v1:0012_001_pers_24_6_6_5	AuxY
urn:cite2:fufolio:edges.v1:20170218095912913_1_26	urn:cite2:fufolio:hmtGraph.v1:Iliad24Default	urn:cite2:fufolio:syntaxToken.v1:0012_001_pers_24_6_6_5	urn:cite2:fufolio:syntaxRelations.v1:OBJ_CO	urn:cite2:fufolio:syntaxToken.v1:0012_001_pers_24_6_7_6	OBJ_CO
urn:cite2:fufolio:edges.v1:20170218095912914_1_27	urn:cite2:fufolio:hmtGraph.v1:Iliad24Default	urn:cite2:fufolio:syntaxToken.v1:0012_001_pers_24_6_7_6	urn:cite2:fufolio:syntaxRelations.v1:ATR	urn:cite2:fufolio:syntaxToken.v1:0012_001_pers_24_6_8_7	ATR
urn:cite2:fufolio:edges.v1:20170218095912920_1_30	urn:cite2:fufolio:hmtGraph.v1:Iliad24Default	urn:cite2:fufolio:hmtGraph.v1:Iliad24Default	urn:cite2:fufolio:syntaxRelations.v1:COORD	urn:cite2:fufolio:syntaxToken.v1:0012_001_pers_24_7_2_1	COORD
urn:cite2:fufolio:edges.v1:20170218095912922_1_31	urn:cite2:fufolio:hmtGraph.v1:Iliad24Default	urn:cite2:fufolio:syntaxToken.v1:0012_001_pers_24_7_4_3	urn:cite2:fufolio:syntaxRelations.v1:OBJ	urn:cite2:fufolio:syntaxToken.v1:0012_001_pers_24_7_3_2	OBJ
urn:cite2:fufolio:edges.v1:20170218095912924_1_32	urn:cite2:fufolio:hmtGraph.v1:Iliad24Default	urn:cite2:fufolio:syntaxToken.v1:0012_001_pers_24_7_7_6	urn:cite2:fufolio:syntaxRelations.v1:APOS_CO	urn:cite2:fufolio:syntaxToken.v1:0012_001_pers_24_7_4_3	APOS_CO
urn:cite2:fufolio:edges.v1:20170218095912926_1_33	urn:cite2:fufolio:hmtGraph.v1:Iliad24Default	urn:cite2:fufolio:syntaxToken.v1:0012_001_pers_24_7_4_3	urn:cite2:fufolio:syntaxRelations.v1:AuxP	urn:cite2:fufolio:syntaxToken.v1:0012_001_pers_24_7_5_4	AuxP
urn:cite2:fufolio:edges.v1:20170218095912927_1_34	urn:cite2:fufolio:hmtGraph.v1:Iliad24Default	urn:cite2:fufolio:syntaxToken.v1:0012_001_pers_24_7_5_4	urn:cite2:fufolio:syntaxRelations.v1:ADV	urn:cite2:fufolio:syntaxToken.v1:0012_001_pers_24_7_6_5	ADV
urn:cite2:fufolio:edges.v1:20170218095912928_1_35	urn:cite2:fufolio:hmtGraph.v1:Iliad24Default	urn:cite2:fufolio:syntaxToken.v1:0012_001_pers_24_9_2_1	urn:cite2:fufolio:syntaxRelations.v1:COORD	urn:cite2:fufolio:syntaxToken.v1:0012_001_pers_24_7_7_6	COORD
urn:cite2:fufolio:edges.v1:20170218095912928_1_36	urn:cite2:fufolio:hmtGraph.v1:Iliad24Default	urn:cite2:fufolio:syntaxToken.v1:0012_001_pers_24_7_7_6	urn:cite2:fufolio:syntaxRelations.v1:APOS_CO	urn:cite2:fufolio:syntaxToken.v1:0012_001_pers_24_7_8_7	APOS_CO
urn:cite2:fufolio:edges.v1:20170218095912929_1_37	urn:cite2:fufolio:hmtGraph.v1:Iliad24Default	urn:cite2:fufolio:syntaxToken.v1:0012_001_pers_24_7_8_7	urn:cite2:fufolio:syntaxRelations.v1:OBJ	urn:cite2:fufolio:syntaxToken.v1:0012_001_pers_24_7_9_8	OBJ
urn:cite2:fufolio:edges.v1:20170218095912930_1_39	urn:cite2:fufolio:hmtGraph.v1:Iliad24Default	urn:cite2:fufolio:syntaxToken.v1:0012_001_pers_24_8_4_3	urn:cite2:fufolio:syntaxRelations.v1:ATR	urn:cite2:fufolio:syntaxToken.v1:0012_001_pers_24_8_2_1	ATR
urn:cite2:fufolio:edges.v1:20170218095912930_1_40	urn:cite2:fufolio:hmtGraph.v1:Iliad24Default	urn:cite2:fufolio:syntaxToken.v1:0012_001_pers_24_8_4_3	urn:cite2:fufolio:syntaxRelations.v1:AuxY	urn:cite2:fufolio:syntaxToken.v1:0012_001_pers_24_8_3_2	AuxY
urn:cite2:fufolio:edges.v1:20170218095912931_1_41	urn:cite2:fufolio:hmtGraph.v1:Iliad24Default	urn:cite2:fufolio:syntaxToken.v1:0012_001_pers_24_8_6_5	urn:cite2:fufolio:syntaxRelations.v1:OBJ_CO	urn:cite2:fufolio:syntaxToken.v1:0012_001_pers_24_8_4_3	OBJ_CO
urn:cite2:fufolio:edges.v1:20170218095912931_1_42	urn:cite2:fufolio:hmtGraph.v1:Iliad24Default	urn:cite2:fufolio:syntaxToken.v1:0012_001_pers_24_8_7_6	urn:cite2:fufolio:syntaxRelations.v1:ATR	urn:cite2:fufolio:syntaxToken.v1:0012_001_pers_24_8_5_4	ATR
urn:cite2:fufolio:edges.v1:20170218095912932_1_43	urn:cite2:fufolio:hmtGraph.v1:Iliad24Default	urn:cite2:fufolio:syntaxToken.v1:0012_001_pers_24_8_8_7	urn:cite2:fufolio:syntaxRelations.v1:COORD	urn:cite2:fufolio:syntaxToken.v1:0012_001_pers_24_8_6_5	COORD
urn:cite2:fufolio:edges.v1:20170218095912932_1_44	urn:cite2:fufolio:hmtGraph.v1:Iliad24Default	urn:cite2:fufolio:syntaxToken.v1:0012_001_pers_24_8_6_5	urn:cite2:fufolio:syntaxRelations.v1:OBJ_CO	urn:cite2:fufolio:syntaxToken.v1:0012_001_pers_24_8_7_6	OBJ_CO
urn:cite2:fufolio:edges.v1:20170218095912936_1_45	urn:cite2:fufolio:hmtGraph.v1:Iliad24Default	urn:cite2:fufolio:syntaxToken.v1:0012_001_pers_24_7_8_7	urn:cite2:fufolio:syntaxRelations.v1:ADV	urn:cite2:fufolio:syntaxToken.v1:0012_001_pers_24_8_8_7	ADV
urn:cite2:fufolio:edges.v1:20170218095912938_1_48	urn:cite2:fufolio:hmtGraph.v1:Iliad24Default	urn:cite2:fufolio:syntaxToken.v1:0012_001_pers_24_9_3_2	urn:cite2:fufolio:syntaxRelations.v1:OBJ	urn:cite2:fufolio:syntaxToken.v1:0012_001_pers_24_9_2_1	OBJ
urn:cite2:fufolio:edges.v1:20170218095912939_1_49	urn:cite2:fufolio:hmtGraph.v1:Iliad24Default	urn:cite2:fufolio:syntaxToken.v1:0012_001_pers_24_9_7_6	urn:cite2:fufolio:syntaxRelations.v1:ADV	urn:cite2:fufolio:syntaxToken.v1:0012_001_pers_24_9_3_2	ADV
urn:cite2:fufolio:edges.v1:20170218095912939_1_50	urn:cite2:fufolio:hmtGraph.v1:Iliad24Default	urn:cite2:fufolio:syntaxToken.v1:0012_001_pers_24_9_6_5	urn:cite2:fufolio:syntaxRelations.v1:ATR	urn:cite2:fufolio:syntaxToken.v1:0012_001_pers_24_9_4_3	ATR
urn:cite2:fufolio:edges.v1:20170218095912940_1_51	urn:cite2:fufolio:hmtGraph.v1:Iliad24Default	urn:cite2:fufolio:syntaxToken.v1:0012_001_pers_24_9_7_6	urn:cite2:fufolio:syntaxRelations.v1:ADV	urn:cite2:fufolio:syntaxToken.v1:0012_001_pers_24_9_5_4	ADV
urn:cite2:fufolio:edges.v1:20170218095912941_1_52	urn:cite2:fufolio:hmtGraph.v1:Iliad24Default	urn:cite2:fufolio:syntaxToken.v1:0012_001_pers_24_9_7_6	urn:cite2:fufolio:syntaxRelations.v1:OBJ	urn:cite2:fufolio:syntaxToken.v1:0012_001_pers_24_9_6_5	OBJ
urn:cite2:fufolio:edges.v1:20170218095912941_1_53	urn:cite2:fufolio:hmtGraph.v1:Iliad24Default	urn:cite2:fufolio:syntaxToken.v1:0012_001_pers_24_7_2_1	urn:cite2:fufolio:syntaxRelations.v1:PRED_CO	urn:cite2:fufolio:syntaxToken.v1:0012_001_pers_24_9_7_6	PRED_CO
urn:cite2:fufolio:edges.v1:20170218095912942_1_55	urn:cite2:fufolio:hmtGraph.v1:Iliad24Default	urn:cite2:fufolio:syntaxToken.v1:0012_001_pers_24_10_3_2	urn:cite2:fufolio:syntaxRelations.v1:ADV	urn:cite2:fufolio:syntaxToken.v1:0012_001_pers_24_10_1_0	ADV
urn:cite2:fufolio:edges.v1:20170218095912943_1_56	urn:cite2:fufolio:hmtGraph.v1:Iliad24Default	urn:cite2:fufolio:syntaxToken.v1:0012_001_pers_24_11_4_3	urn:cite2:fufolio:syntaxRelations.v1:AuxP	urn:cite2:fufolio:syntaxToken.v1:0012_001_pers_24_10_2_1	AuxP
urn:cite2:fufolio:edges.v1:20170218095912943_1_57	urn:cite2:fufolio:hmtGraph.v1:Iliad24Default	urn:cite2:fufolio:syntaxToken.v1:0012_001_pers_24_10_2_1	urn:cite2:fufolio:syntaxRelations.v1:ADV_CO	urn:cite2:fufolio:syntaxToken.v1:0012_001_pers_24_10_3_2	ADV_CO
urn:cite2:fufolio:edges.v1:20170218095912944_1_58	urn:cite2:fufolio:hmtGraph.v1:Iliad24Default	urn:cite2:fufolio:syntaxToken.v1:0012_001_pers_24_9_7_6	urn:cite2:fufolio:syntaxRelations.v1:ADV	urn:cite2:fufolio:syntaxToken.v1:0012_001_pers_24_10_4_3	ADV
urn:cite2:fufolio:edges.v1:20170218095912945_1_60	urn:cite2:fufolio:hmtGraph.v1:Iliad24Default	urn:cite2:fufolio:syntaxToken.v1:0012_001_pers_24_11_1_0	urn:cite2:fufolio:syntaxRelations.v1:ADV	urn:cite2:fufolio:syntaxToken.v1:0012_001_pers_24_10_6_5	ADV
urn:cite2:fufolio:edges.v1:20170218095912945_1_61	urn:cite2:fufolio:hmtGraph.v1:Iliad24Default	urn:cite2:fufolio:syntaxToken.v1:0012_001_pers_24_11_1_0	urn:cite2:fufolio:syntaxRelations.v1:AuxY	urn:cite2:fufolio:syntaxToken.v1:0012_001_pers_24_10_7_6	AuxY
urn:cite2:fufolio:edges.v1:20170218095912946_1_62	urn:cite2:fufolio:hmtGraph.v1:Iliad24Default	urn:cite2:fufolio:syntaxToken.v1:0012_001_pers_24_10_6_5	urn:cite2:fufolio:syntaxRelations.v1:ADV	urn:cite2:fufolio:syntaxToken.v1:0012_001_pers_24_10_8_7	ADV
urn:cite2:fufolio:edges.v1:20170218095912946_1_63	urn:cite2:fufolio:hmtGraph.v1:Iliad24Default	urn:cite2:fufolio:syntaxToken.v1:0012_001_pers_24_11_4_3	urn:cite2:fufolio:syntaxRelations.v1:ADV_CO	urn:cite2:fufolio:syntaxToken.v1:0012_001_pers_24_11_1_0	ADV_CO
urn:cite2:fufolio:edges.v1:20170218095912947_1_65	urn:cite2:fufolio:hmtGraph.v1:Iliad24Default	urn:cite2:fufolio:syntaxToken.v1:0012_001_pers_24_11_5_4	urn:cite2:fufolio:syntaxRelations.v1:ADV	urn:cite2:fufolio:syntaxToken.v1:0012_001_pers_24_11_3_2	ADV
urn:cite2:fufolio:edges.v1:20170218095912948_1_66	urn:cite2:fufolio:hmtGraph.v1:Iliad24Default	urn:cite2:fufolio:syntaxToken.v1:0012_001_pers_24_10_4_3	urn:cite2:fufolio:syntaxRelations.v1:COORD	urn:cite2:fufolio:syntaxToken.v1:0012_001_pers_24_11_4_3	COORD
urn:cite2:fufolio:edges.v1:20170218095912948_1_67	urn:cite2:fufolio:hmtGraph.v1:Iliad24Default	urn:cite2:fufolio:syntaxToken.v1:0012_001_pers_24_11_4_3	urn:cite2:fufolio:syntaxRelations.v1:ADV_CO	urn:cite2:fufolio:syntaxToken.v1:0012_001_pers_24_11_5_4	ADV_CO
urn:cite2:fufolio:edges.v1:20170218095912948_1_68	urn:cite2:fufolio:hmtGraph.v1:Iliad24Default	urn:cite2:fufolio:hmtGraph.v1:Iliad24Default	urn:cite2:fufolio:syntaxRelations.v1:AuxK	urn:cite2:fufolio:syntaxToken.v1:0012_001_pers_24_11_6_5	AuxK
urn:cite2:fufolio:edges.v1:20170218095912644_1_1	urn:cite2:fufolio:hmtGraph.v1:Iliad24Nicanor	urn:cite2:fufolio:syntaxToken.v1:0012_001_pers_24_7_2_1	urn:cite2:fufolio:syntaxRelations.v1:ADV	urn:cite2:fufolio:syntaxToken.v1:0012_001_pers_24_3_6_5	ADV
urn:cite2:fufolio:edges.v1:20170218095912645_1_2	urn:cite2:fufolio:hmtGraph.v1:Iliad24Nicanor	urn:cite2:fufolio:syntaxToken.v1:0012_001_pers_24_4_1_0	urn:cite2:fufolio:syntaxRelations.v1:SBJ	urn:cite2:fufolio:syntaxToken.v1:0012_001_pers_24_3_7_6	SBJ
urn:cite2:fufolio:edges.v1:20170218095912645_1_3	urn:cite2:fufolio:hmtGraph.v1:Iliad24Nicanor	urn:cite2:fufolio:syntaxToken.v1:0012_001_pers_24_7_2_1	urn:cite2:fufolio:syntaxRelations.v1:PRED_CO	urn:cite2:fufolio:syntaxToken.v1:0012_001_pers_24_4_1_0	PRED_CO
urn:cite2:fufolio:edges.v1:20170218095912646_1_4	urn:cite2:fufolio:hmtGraph.v1:Iliad24Nicanor	urn:cite2:fufolio:syntaxToken.v1:0012_001_pers_24_4_3_2	urn:cite2:fufolio:syntaxRelations.v1:ATR	urn:cite2:fufolio:syntaxToken.v1:0012_001_pers_24_4_2_1	ATR
urn:cite2:fufolio:edges.v1:20170218095912646_1_5	urn:cite2:fufolio:hmtGraph.v1:Iliad24Nicanor	urn:cite2:fufolio:syntaxToken.v1:0012_001_pers_24_4_4_3	urn:cite2:fufolio:syntaxRelations.v1:OBJ	urn:cite2:fufolio:syntaxToken.v1:0012_001_pers_24_4_3_2	OBJ
urn:cite2:fufolio:edges.v1:20170218095912647_1_6	urn:cite2:fufolio:hmtGraph.v1:Iliad24Nicanor	urn:cite2:fufolio:syntaxToken.v1:0012_001_pers_24_4_1_0	urn:cite2:fufolio:syntaxRelations.v1:ADV	urn:cite2:fufolio:syntaxToken.v1:0012_001_pers_24_4_4_3	ADV
urn:cite2:fufolio:edges.v1:20170218095912649_1_8	urn:cite2:fufolio:hmtGraph.v1:Iliad24Nicanor	urn:cite2:fufolio:syntaxToken.v1:0012_001_pers_24_5_1_0	urn:cite2:fufolio:syntaxRelations.v1:ADV	urn:cite2:fufolio:syntaxToken.v1:0012_001_pers_24_4_6a_5	ADV
urn:cite2:fufolio:edges.v1:20170218095912650_1_9	urn:cite2:fufolio:hmtGraph.v1:Iliad24Nicanor	urn:cite2:fufolio:syntaxToken.v1:0012_001_pers_24_5_1_0	urn:cite2:fufolio:syntaxRelations.v1:AuxY	urn:cite2:fufolio:syntaxToken.v1:0012_001_pers_24_4_6b_5	AuxY
urn:cite2:fufolio:edges.v1:20170218095912651_1_10	urn:cite2:fufolio:hmtGraph.v1:Iliad24Nicanor	urn:cite2:fufolio:syntaxToken.v1:0012_001_pers_24_5_1_0	urn:cite2:fufolio:syntaxRelations.v1:OBJ	urn:cite2:fufolio:syntaxToken.v1:0012_001_pers_24_4_7_6	OBJ
urn:cite2:fufolio:edges.v1:20170218095912651_1_11	urn:cite2:fufolio:hmtGraph.v1:Iliad24Nicanor	urn:cite2:fufolio:syntaxToken.v1:0012_001_pers_24_5_1_0	urn:cite2:fufolio:syntaxRelations.v1:SBJ	urn:cite2:fufolio:syntaxToken.v1:0012_001_pers_24_4_8_7	SBJ
urn:cite2:fufolio:edges.v1:20170218095912652_1_12	urn:cite2:fufolio:hmtGraph.v1:Iliad24Nicanor	urn:cite2:fufolio:syntaxToken.v1:0012_001_pers_24_7_2_1	urn:cite2:fufolio:syntaxRelations.v1:PRED_CO	urn:cite2:fufolio:syntaxToken.v1:0012_001_pers_24_5_1_0	PRED_CO
urn:cite2:fufolio:edges.v1:20170218095912652_1_13	urn:cite2:fufolio:hmtGraph.v1:Iliad24Nicanor	urn:cite2:fufolio:syntaxToken.v1:0012_001_pers_24_4_8_7	urn:cite2:fufolio:syntaxRelations.v1:ATR	urn:cite2:fufolio:syntaxToken.v1:0012_001_pers_24_5_2_1	ATR
urn:cite2:fufolio:edges.v1:20170218095912653_1_15	urn:cite2:fufolio:hmtGraph.v1:Iliad24Nicanor	urn:cite2:fufolio:syntaxToken.v1:0012_001_pers_24_5_5_4	urn:cite2:fufolio:syntaxRelations.v1:AuxY	urn:cite2:fufolio:syntaxToken.v1:0012_001_pers_24_5_4_3	AuxY
urn:cite2:fufolio:edges.v1:20170218095912654_1_16	urn:cite2:fufolio:hmtGraph.v1:Iliad24Nicanor	urn:cite2:fufolio:syntaxToken.v1:0012_001_pers_24_7_2_1	urn:cite2:fufolio:syntaxRelations.v1:PRED_CO	urn:cite2:fufolio:syntaxToken.v1:0012_001_pers_24_5_5_4	PRED_CO
urn:cite2:fufolio:edges.v1:20170218095912656_1_17	urn:cite2:fufolio:hmtGraph.v1:Iliad24Nicanor	urn:cite2:fufolio:syntaxToken.v1:0012_001_pers_24_5_7_6	urn:cite2:fufolio:syntaxRelations.v1:ADV_CO	urn:cite2:fufolio:syntaxToken.v1:0012_001_pers_24_5_6_5	ADV_CO
urn:cite2:fufolio:edges.v1:20170218095912657_1_18	urn:cite2:fufolio:hmtGraph.v1:Iliad24Nicanor	urn:cite2:fufolio:syntaxToken.v1:0012_001_pers_24_5_5_4	urn:cite2:fufolio:syntaxRelations.v1:COORD	urn:cite2:fufolio:syntaxToken.v1:0012_001_pers_24_5_7_6	COORD
urn:cite2:fufolio:edges.v1:20170218095912659_1_19	urn:cite2:fufolio:hmtGraph.v1:Iliad24Nicanor	urn:cite2:fufolio:syntaxToken.v1:0012_001_pers_24_5_7_6	urn:cite2:fufolio:syntaxRelations.v1:ADV_CO	urn:cite2:fufolio:syntaxToken.v1:0012_001_pers_24_5_8_7	ADV_CO
urn:cite2:fufolio:edges.v1:20170218095912661_1_21	urn:cite2:fufolio:hmtGraph.v1:Iliad24Nicanor	urn:cite2:fufolio:syntaxToken.v1:0012_001_pers_24_6_4_3	urn:cite2:fufolio:syntaxRelations.v1:ATR	urn:cite2:fufolio:syntaxToken.v1:0012_001_pers_24_6_2_1	ATR
urn:cite2:fufolio:edges.v1:20170218095912661_1_22	urn:cite2:fufolio:hmtGraph.v1:Iliad24Nicanor	urn:cite2:fufolio:syntaxToken.v1:0012_001_pers_24_7_2_1	urn:cite2:fufolio:syntaxRelations.v1:ADV	urn:cite2:fufolio:syntaxToken.v1:0012_001_pers_24_6_3_2	ADV
urn:cite2:fufolio:edges.v1:20170218095912662_1_23	urn:cite2:fufolio:hmtGraph.v1:Iliad24Nicanor	urn:cite2:fufolio:syntaxToken.v1:0012_001_pers_24_6_6_5	urn:cite2:fufolio:syntaxRelations.v1:OBJ_CO	urn:cite2:fufolio:syntaxToken.v1:0012_001_pers_24_6_4_3	OBJ_CO
urn:cite2:fufolio:edges.v1:20170218095912662_1_24	urn:cite2:fufolio:hmtGraph.v1:Iliad24Nicanor	urn:cite2:fufolio:syntaxToken.v1:0012_001_pers_24_6_4_3	urn:cite2:fufolio:syntaxRelations.v1:AuxY	urn:cite2:fufolio:syntaxToken.v1:0012_001_pers_24_6_5_4	AuxY
urn:cite2:fufolio:edges.v1:20170218095912663_1_25	urn:cite2:fufolio:hmtGraph.v1:Iliad24Nicanor	urn:cite2:fufolio:syntaxToken.v1:0012_001_pers_24_6_3_2	urn:cite2:fufolio:syntaxRelations.v1:AuxY	urn:cite2:fufolio:syntaxToken.v1:0012_001_pers_24_6_6_5	AuxY
urn:cite2:fufolio:edges.v1:20170218095912663_1_26	urn:cite2:fufolio:hmtGraph.v1:Iliad24Nicanor	urn:cite2:fufolio:syntaxToken.v1:0012_001_pers_24_6_6_5	urn:cite2:fufolio:syntaxRelations.v1:OBJ_CO	urn:cite2:fufolio:syntaxToken.v1:0012_001_pers_24_6_7_6	OBJ_CO
urn:cite2:fufolio:edges.v1:20170218095912664_1_27	urn:cite2:fufolio:hmtGraph.v1:Iliad24Nicanor	urn:cite2:fufolio:syntaxToken.v1:0012_001_pers_24_6_7_6	urn:cite2:fufolio:syntaxRelations.v1:ATR	urn:cite2:fufolio:syntaxToken.v1:0012_001_pers_24_6_8_7	ATR
urn:cite2:fufolio:edges.v1:20170218095912666_1_30	urn:cite2:fufolio:hmtGraph.v1:Iliad24Nicanor	urn:cite2:fufolio:syntaxToken.v1:0012_001_pers_24_8_9_8	urn:cite2:fufolio:syntaxRelations.v1:COORD_CO	urn:cite2:fufolio:syntaxToken.v1:0012_001_pers_24_7_2_1	COORD_CO
urn:cite2:fufolio:edges.v1:20170218095912666_1_31	urn:cite2:fufolio:hmtGraph.v1:Iliad24Nicanor	urn:cite2:fufolio:syntaxToken.v1:0012_001_pers_24_7_4_3	urn:cite2:fufolio:syntaxRelations.v1:OBJ	urn:cite2:fufolio:syntaxToken.v1:0012_001_pers_24_7_3_2	OBJ
urn:cite2:fufolio:edges.v1:20170218095912667_1_32	urn:cite2:fufolio:hmtGraph.v1:Iliad24Nicanor	urn:cite2:fufolio:syntaxToken.v1:0012_001_pers_24_7_7_6	urn:cite2:fufolio:syntaxRelations.v1:APOS_CO	urn:cite2:fufolio:syntaxToken.v1:0012_001_pers_24_7_4_3	APOS_CO
urn:cite2:fufolio:edges.v1:20170218095912667_1_33	urn:cite2:fufolio:hmtGraph.v1:Iliad24Nicanor	urn:cite2:fufolio:syntaxToken.v1:0012_001_pers_24_7_4_3	urn:cite2:fufolio:syntaxRelations.v1:AuxP	urn:cite2:fufolio:syntaxToken.v1:0012_001_pers_24_7_5_4	AuxP
urn:cite2:fufolio:edges.v1:20170218095912668_1_34	urn:cite2:fufolio:hmtGraph.v1:Iliad24Nicanor	urn:cite2:fufolio:syntaxToken.v1:0012_001_pers_24_7_5_4	urn:cite2:fufolio:syntaxRelations.v1:ADV	urn:cite2:fufolio:syntaxToken.v1:0012_001_pers_24_7_6_5	ADV
urn:cite2:fufolio:edges.v1:20170218095912669_1_35	urn:cite2:fufolio:hmtGraph.v1:Iliad24Nicanor	urn:cite2:fufolio:syntaxToken.v1:0012_001_pers_24_9_2_1	urn:cite2:fufolio:syntaxRelations.v1:COORD	urn:cite2:fufolio:syntaxToken.v1:0012_001_pers_24_7_7_6	COORD
urn:cite2:fufolio:edges.v1:20170218095912669_1_36	urn:cite2:fufolio:hmtGraph.v1:Iliad24Nicanor	urn:cite2:fufolio:syntaxToken.v1:0012_001_pers_24_7_7_6	urn:cite2:fufolio:syntaxRelations.v1:APOS_CO	urn:cite2:fufolio:syntaxToken.v1:0012_001_pers_24_7_8_7	APOS_CO
urn:cite2:fufolio:edges.v1:20170218095912670_1_37	urn:cite2:fufolio:hmtGraph.v1:Iliad24Nicanor	urn:cite2:fufolio:syntaxToken.v1:0012_001_pers_24_7_8_7	urn:cite2:fufolio:syntaxRelations.v1:OBJ	urn:cite2:fufolio:syntaxToken.v1:0012_001_pers_24_7_9_8	OBJ
urn:cite2:fufolio:edges.v1:20170218095912671_1_39	urn:cite2:fufolio:hmtGraph.v1:Iliad24Nicanor	urn:cite2:fufolio:syntaxToken.v1:0012_001_pers_24_8_4_3	urn:cite2:fufolio:syntaxRelations.v1:ATR	urn:cite2:fufolio:syntaxToken.v1:0012_001_pers_24_8_2_1	ATR
urn:cite2:fufolio:edges.v1:20170218095912671_1_40	urn:cite2:fufolio:hmtGraph.v1:Iliad24Nicanor	urn:cite2:fufolio:syntaxToken.v1:0012_001_pers_24_8_4_3	urn:cite2:fufolio:syntaxRelations.v1:AuxY	urn:cite2:fufolio:syntaxToken.v1:0012_001_pers_24_8_3_2	AuxY
urn:cite2:fufolio:edges.v1:20170218095912672_1_41	urn:cite2:fufolio:hmtGraph.v1:Iliad24Nicanor	urn:cite2:fufolio:syntaxToken.v1:0012_001_pers_24_8_6_5	urn:cite2:fufolio:syntaxRelations.v1:OBJ_CO	urn:cite2:fufolio:syntaxToken.v1:0012_001_pers_24_8_4_3	OBJ_CO
urn:cite2:fufolio:edges.v1:20170218095912673_1_42	urn:cite2:fufolio:hmtGraph.v1:Iliad24Nicanor	urn:cite2:fufolio:syntaxToken.v1:0012_001_pers_24_8_7_6	urn:cite2:fufolio:syntaxRelations.v1:ATR	urn:cite2:fufolio:syntaxToken.v1:0012_001_pers_24_8_5_4	ATR
urn:cite2:fufolio:edges.v1:20170218095912674_1_43	urn:cite2:fufolio:hmtGraph.v1:Iliad24Nicanor	urn:cite2:fufolio:syntaxToken.v1:0012_001_pers_24_8_8_7	urn:cite2:fufolio:syntaxRelations.v1:COORD	urn:cite2:fufolio:syntaxToken.v1:0012_001_pers_24_8_6_5	COORD
urn:cite2:fufolio:edges.v1:20170218095912674_1_44	urn:cite2:fufolio:hmtGraph.v1:Iliad24Nicanor	urn:cite2:fufolio:syntaxToken.v1:0012_001_pers_24_8_6_5	urn:cite2:fufolio:syntaxRelations.v1:OBJ_CO	urn:cite2:fufolio:syntaxToken.v1:0012_001_pers_24_8_7_6	OBJ_CO
urn:cite2:fufolio:edges.v1:20170218095912675_1_45	urn:cite2:fufolio:hmtGraph.v1:Iliad24Nicanor	urn:cite2:fufolio:syntaxToken.v1:0012_001_pers_24_7_8_7	urn:cite2:fufolio:syntaxRelations.v1:ADV	urn:cite2:fufolio:syntaxToken.v1:0012_001_pers_24_8_8_7	ADV
urn:cite2:fufolio:edges.v1:20170218095912675_1_46	urn:cite2:fufolio:hmtGraph.v1:Iliad24Nicanor	urn:cite2:fufolio:hmtGraph.v1:Iliad24Nicanor	urn:cite2:fufolio:syntaxRelations.v1:COORD	urn:cite2:fufolio:syntaxToken.v1:0012_001_pers_24_8_9_8	COORD
urn:cite2:fufolio:edges.v1:20170218095912676_1_48	urn:cite2:fufolio:hmtGraph.v1:Iliad24Nicanor	urn:cite2:fufolio:syntaxToken.v1:0012_001_pers_24_9_3_2	urn:cite2:fufolio:syntaxRelations.v1:OBJ	urn:cite2:fufolio:syntaxToken.v1:0012_001_pers_24_9_2_1	OBJ
urn:cite2:fufolio:edges.v1:20170218095912677_1_49	urn:cite2:fufolio:hmtGraph.v1:Iliad24Nicanor	urn:cite2:fufolio:syntaxToken.v1:0012_001_pers_24_9_7_6	urn:cite2:fufolio:syntaxRelations.v1:ADV	urn:cite2:fufolio:syntaxToken.v1:0012_001_pers_24_9_3_2	ADV
urn:cite2:fufolio:edges.v1:20170218095912678_1_50	urn:cite2:fufolio:hmtGraph.v1:Iliad24Nicanor	urn:cite2:fufolio:syntaxToken.v1:0012_001_pers_24_9_6_5	urn:cite2:fufolio:syntaxRelations.v1:ATR	urn:cite2:fufolio:syntaxToken.v1:0012_001_pers_24_9_4_3	ATR
urn:cite2:fufolio:edges.v1:20170218095912678_1_51	urn:cite2:fufolio:hmtGraph.v1:Iliad24Nicanor	urn:cite2:fufolio:syntaxToken.v1:0012_001_pers_24_9_7_6	urn:cite2:fufolio:syntaxRelations.v1:ADV	urn:cite2:fufolio:syntaxToken.v1:0012_001_pers_24_9_5_4	ADV
urn:cite2:fufolio:edges.v1:20170218095912679_1_52	urn:cite2:fufolio:hmtGraph.v1:Iliad24Nicanor	urn:cite2:fufolio:syntaxToken.v1:0012_001_pers_24_9_7_6	urn:cite2:fufolio:syntaxRelations.v1:OBJ	urn:cite2:fufolio:syntaxToken.v1:0012_001_pers_24_9_6_5	OBJ
urn:cite2:fufolio:edges.v1:20170218095912679_1_53	urn:cite2:fufolio:hmtGraph.v1:Iliad24Nicanor	urn:cite2:fufolio:syntaxToken.v1:0012_001_pers_24_8_9_8	urn:cite2:fufolio:syntaxRelations.v1:PRED_CO	urn:cite2:fufolio:syntaxToken.v1:0012_001_pers_24_9_7_6	PRED_CO
urn:cite2:fufolio:edges.v1:20170218095912681_1_55	urn:cite2:fufolio:hmtGraph.v1:Iliad24Nicanor	urn:cite2:fufolio:syntaxToken.v1:0012_001_pers_24_10_3_2	urn:cite2:fufolio:syntaxRelations.v1:ADV	urn:cite2:fufolio:syntaxToken.v1:0012_001_pers_24_10_1_0	ADV
urn:cite2:fufolio:edges.v1:20170218095912681_1_56	urn:cite2:fufolio:hmtGraph.v1:Iliad24Nicanor	urn:cite2:fufolio:syntaxToken.v1:0012_001_pers_24_11_4_3	urn:cite2:fufolio:syntaxRelations.v1:AuxP	urn:cite2:fufolio:syntaxToken.v1:0012_001_pers_24_10_2_1	AuxP
urn:cite2:fufolio:edges.v1:20170218095912682_1_57	urn:cite2:fufolio:hmtGraph.v1:Iliad24Nicanor	urn:cite2:fufolio:syntaxToken.v1:0012_001_pers_24_10_2_1	urn:cite2:fufolio:syntaxRelations.v1:ADV_CO	urn:cite2:fufolio:syntaxToken.v1:0012_001_pers_24_10_3_2	ADV_CO
urn:cite2:fufolio:edges.v1:20170218095912682_1_58	urn:cite2:fufolio:hmtGraph.v1:Iliad24Nicanor	urn:cite2:fufolio:syntaxToken.v1:0012_001_pers_24_9_7_6	urn:cite2:fufolio:syntaxRelations.v1:ADV	urn:cite2:fufolio:syntaxToken.v1:0012_001_pers_24_10_4_3	ADV
urn:cite2:fufolio:edges.v1:20170218095912683_1_60	urn:cite2:fufolio:hmtGraph.v1:Iliad24Nicanor	urn:cite2:fufolio:syntaxToken.v1:0012_001_pers_24_11_1_0	urn:cite2:fufolio:syntaxRelations.v1:ADV	urn:cite2:fufolio:syntaxToken.v1:0012_001_pers_24_10_6_5	ADV
urn:cite2:fufolio:edges.v1:20170218095912683_1_61	urn:cite2:fufolio:hmtGraph.v1:Iliad24Nicanor	urn:cite2:fufolio:syntaxToken.v1:0012_001_pers_24_11_1_0	urn:cite2:fufolio:syntaxRelations.v1:AuxY	urn:cite2:fufolio:syntaxToken.v1:0012_001_pers_24_10_7_6	AuxY
urn:cite2:fufolio:edges.v1:20170218095912684_1_62	urn:cite2:fufolio:hmtGraph.v1:Iliad24Nicanor	urn:cite2:fufolio:syntaxToken.v1:0012_001_pers_24_10_6_5	urn:cite2:fufolio:syntaxRelations.v1:ADV	urn:cite2:fufolio:syntaxToken.v1:0012_001_pers_24_10_8_7	ADV
urn:cite2:fufolio:edges.v1:20170218095912684_1_63	urn:cite2:fufolio:hmtGraph.v1:Iliad24Nicanor	urn:cite2:fufolio:syntaxToken.v1:0012_001_pers_24_11_4_3	urn:cite2:fufolio:syntaxRelations.v1:ADV_CO	urn:cite2:fufolio:syntaxToken.v1:0012_001_pers_24_11_1_0	ADV_CO
urn:cite2:fufolio:edges.v1:20170218095912686_1_65	urn:cite2:fufolio:hmtGraph.v1:Iliad24Nicanor	urn:cite2:fufolio:syntaxToken.v1:0012_001_pers_24_11_5_4	urn:cite2:fufolio:syntaxRelations.v1:ADV	urn:cite2:fufolio:syntaxToken.v1:0012_001_pers_24_11_3_2	ADV
urn:cite2:fufolio:edges.v1:20170218095912686_1_66	urn:cite2:fufolio:hmtGraph.v1:Iliad24Nicanor	urn:cite2:fufolio:syntaxToken.v1:0012_001_pers_24_10_4_3	urn:cite2:fufolio:syntaxRelations.v1:COORD	urn:cite2:fufolio:syntaxToken.v1:0012_001_pers_24_11_4_3	COORD
urn:cite2:fufolio:edges.v1:20170218095912687_1_67	urn:cite2:fufolio:hmtGraph.v1:Iliad24Nicanor	urn:cite2:fufolio:syntaxToken.v1:0012_001_pers_24_11_4_3	urn:cite2:fufolio:syntaxRelations.v1:ADV_CO	urn:cite2:fufolio:syntaxToken.v1:0012_001_pers_24_11_5_4	ADV_CO
urn:cite2:fufolio:edges.v1:20170218095912688_1_68	urn:cite2:fufolio:hmtGraph.v1:Iliad24Nicanor	urn:cite2:fufolio:hmtGraph.v1:Iliad24Nicanor	urn:cite2:fufolio:syntaxRelations.v1:AuxK	urn:cite2:fufolio:syntaxToken.v1:0012_001_pers_24_11_6_5	AuxK
