vertexUrn	orcaUrn	graphUrn	sequence	posUrn	label
urn:cite2:fufolio:vertices.v1:20170218095911705_1_1	urn:cite2:fufolio:syntaxToken.v1:0012_001_pers_16_83_1_0	urn:cite2:fufolio:hmtGraph.v1:Iliad16a	1	urn:cite2:fufolio:partsOfSpeech.v1:956	πείθεο
urn:cite2:fufolio:vertices.v1:20170218095911709_1_2	urn:cite2:fufolio:syntaxToken.v1:0012_001_pers_16_83_2_1	urn:cite2:fufolio:hmtGraph.v1:Iliad16a	2	urn:cite2:fufolio:partsOfSpeech.v1:144	δ᾽
urn:cite2:fufolio:vertices.v1:20170218095911710_1_3	urn:cite2:fufolio:syntaxToken.v1:0012_001_pers_16_83_3_2	urn:cite2:fufolio:hmtGraph.v1:Iliad16a	3	urn:cite2:fufolio:partsOfSpeech.v1:144	ὥς
urn:cite2:fufolio:vertices.v1:20170218095911714_1_4	urn:cite2:fufolio:syntaxToken.v1:0012_001_pers_16_83_4_3	urn:cite2:fufolio:hmtGraph.v1:Iliad16a	4	urn:cite2:fufolio:partsOfSpeech.v1:351	τοι
urn:cite2:fufolio:vertices.v1:20170218095911715_1_5	urn:cite2:fufolio:syntaxToken.v1:0012_001_pers_16_83_5_4	urn:cite2:fufolio:hmtGraph.v1:Iliad16a	5	urn:cite2:fufolio:partsOfSpeech.v1:340	ἐγὼ
urn:cite2:fufolio:vertices.v1:20170218095911717_1_6	urn:cite2:fufolio:syntaxToken.v1:0012_001_pers_16_83_6_5	urn:cite2:fufolio:hmtGraph.v1:Iliad16a	6	urn:cite2:fufolio:partsOfSpeech.v1:263	μύθου
urn:cite2:fufolio:vertices.v1:20170218095911719_1_7	urn:cite2:fufolio:syntaxToken.v1:0012_001_pers_16_83_7_6	urn:cite2:fufolio:hmtGraph.v1:Iliad16a	7	urn:cite2:fufolio:partsOfSpeech.v1:266	τέλος
urn:cite2:fufolio:vertices.v1:20170218095911721_1_8	urn:cite2:fufolio:syntaxToken.v1:0012_001_pers_16_83_8_7	urn:cite2:fufolio:hmtGraph.v1:Iliad16a	8	urn:cite2:fufolio:partsOfSpeech.v1:363	ἐν
urn:cite2:fufolio:vertices.v1:20170218095911722_1_9	urn:cite2:fufolio:syntaxToken.v1:0012_001_pers_16_83_9_8	urn:cite2:fufolio:hmtGraph.v1:Iliad16a	9	urn:cite2:fufolio:partsOfSpeech.v1:234	φρεσὶ
urn:cite2:fufolio:vertices.v1:20170218095911723_1_10	urn:cite2:fufolio:syntaxToken.v1:0012_001_pers_16_83_10_9	urn:cite2:fufolio:hmtGraph.v1:Iliad16a	10	urn:cite2:fufolio:partsOfSpeech.v1:820	θείω
urn:cite2:fufolio:vertices.v1:20170218095911728_1_13	urn:cite2:fufolio:syntaxToken.v1:0012_001_pers_16_84_2_1	urn:cite2:fufolio:hmtGraph.v1:Iliad16a	13	urn:cite2:fufolio:partsOfSpeech.v1:139	ἄν
urn:cite2:fufolio:vertices.v1:20170218095911729_1_14	urn:cite2:fufolio:syntaxToken.v1:0012_001_pers_16_84_3_2	urn:cite2:fufolio:hmtGraph.v1:Iliad16a	14	urn:cite2:fufolio:partsOfSpeech.v1:338	μοι
urn:cite2:fufolio:vertices.v1:20170218095911730_1_15	urn:cite2:fufolio:syntaxToken.v1:0012_001_pers_16_84_4_3	urn:cite2:fufolio:hmtGraph.v1:Iliad16a	15	urn:cite2:fufolio:partsOfSpeech.v1:255	τιμὴν
urn:cite2:fufolio:vertices.v1:20170218095911731_1_16	urn:cite2:fufolio:syntaxToken.v1:0012_001_pers_16_84_5_4	urn:cite2:fufolio:hmtGraph.v1:Iliad16a	16	urn:cite2:fufolio:partsOfSpeech.v1:94	μεγάλην
urn:cite2:fufolio:vertices.v1:20170218095911733_1_17	urn:cite2:fufolio:syntaxToken.v1:0012_001_pers_16_84_6_5	urn:cite2:fufolio:hmtGraph.v1:Iliad16a	17	urn:cite2:fufolio:partsOfSpeech.v1:139	καὶ
urn:cite2:fufolio:vertices.v1:20170218095911735_1_18	urn:cite2:fufolio:syntaxToken.v1:0012_001_pers_16_84_7_6	urn:cite2:fufolio:hmtGraph.v1:Iliad16a	18	urn:cite2:fufolio:partsOfSpeech.v1:266	κῦδος
urn:cite2:fufolio:vertices.v1:20170218095911736_1_19	urn:cite2:fufolio:syntaxToken.v1:0012_001_pers_16_84_8_7	urn:cite2:fufolio:hmtGraph.v1:Iliad16a	19	urn:cite2:fufolio:partsOfSpeech.v1:937	ἄρηαι
urn:cite2:fufolio:vertices.v1:20170218095911739_1_20	urn:cite2:fufolio:syntaxToken.v1:0012_001_pers_16_85_1_0	urn:cite2:fufolio:hmtGraph.v1:Iliad16a	20	urn:cite2:fufolio:partsOfSpeech.v1:363	πρὸς
urn:cite2:fufolio:vertices.v1:20170218095911741_1_22	urn:cite2:fufolio:syntaxToken.v1:0012_001_pers_16_85_3_2	urn:cite2:fufolio:hmtGraph.v1:Iliad16a	22	urn:cite2:fufolio:partsOfSpeech.v1:241	Δαναῶν
urn:cite2:fufolio:vertices.v1:20170218095911743_1_24	urn:cite2:fufolio:syntaxToken.v1:0012_001_pers_16_85_5_4	urn:cite2:fufolio:hmtGraph.v1:Iliad16a	24	urn:cite2:fufolio:partsOfSpeech.v1:144	ἀτὰρ
urn:cite2:fufolio:vertices.v1:20170218095911744_1_25	urn:cite2:fufolio:syntaxToken.v1:0012_001_pers_16_85_6_5	urn:cite2:fufolio:hmtGraph.v1:Iliad16a	25	urn:cite2:fufolio:partsOfSpeech.v1:297	οἳ
urn:cite2:fufolio:vertices.v1:20170218095911745_1_26	urn:cite2:fufolio:syntaxToken.v1:0012_001_pers_16_85_7_6	urn:cite2:fufolio:hmtGraph.v1:Iliad16a	26	urn:cite2:fufolio:partsOfSpeech.v1:94	περικαλλέα
urn:cite2:fufolio:vertices.v1:20170218095911746_1_27	urn:cite2:fufolio:syntaxToken.v1:0012_001_pers_16_85_8_7	urn:cite2:fufolio:hmtGraph.v1:Iliad16a	27	urn:cite2:fufolio:partsOfSpeech.v1:255	κούρην
urn:cite2:fufolio:vertices.v1:20170218095911747_1_28	urn:cite2:fufolio:syntaxToken.v1:0012_001_pers_16_86_1_0	urn:cite2:fufolio:hmtGraph.v1:Iliad16a	28	urn:cite2:fufolio:partsOfSpeech.v1:144	ἂψ
urn:cite2:fufolio:vertices.v1:20170218095911747_1_29	urn:cite2:fufolio:syntaxToken.v1:0012_001_pers_16_86_2_1	urn:cite2:fufolio:hmtGraph.v1:Iliad16a	29	urn:cite2:fufolio:partsOfSpeech.v1:1008	ἀπονάσσωσιν
urn:cite2:fufolio:vertices.v1:20170218095911749_1_31	urn:cite2:fufolio:syntaxToken.v1:0012_001_pers_16_86_4_3	urn:cite2:fufolio:hmtGraph.v1:Iliad16a	31	urn:cite2:fufolio:partsOfSpeech.v1:363	ποτὶ
urn:cite2:fufolio:vertices.v1:20170218095911750_1_32	urn:cite2:fufolio:syntaxToken.v1:0012_001_pers_16_86_5_4	urn:cite2:fufolio:hmtGraph.v1:Iliad16a	32	urn:cite2:fufolio:partsOfSpeech.v1:144	δ᾽
urn:cite2:fufolio:vertices.v1:20170218095911751_1_33	urn:cite2:fufolio:syntaxToken.v1:0012_001_pers_16_86_6_5	urn:cite2:fufolio:hmtGraph.v1:Iliad16a	33	urn:cite2:fufolio:partsOfSpeech.v1:74	ἀγλαὰ
urn:cite2:fufolio:vertices.v1:20170218095911752_1_34	urn:cite2:fufolio:syntaxToken.v1:0012_001_pers_16_86_7_6	urn:cite2:fufolio:hmtGraph.v1:Iliad16a	34	urn:cite2:fufolio:partsOfSpeech.v1:244	δῶρα
urn:cite2:fufolio:vertices.v1:20170218095911753_1_35	urn:cite2:fufolio:syntaxToken.v1:0012_001_pers_16_86_8_7	urn:cite2:fufolio:hmtGraph.v1:Iliad16a	35	urn:cite2:fufolio:partsOfSpeech.v1:1008	πόρωσιν
urn:cite2:fufolio:vertices.v1:20170218095911754_1_37	urn:cite2:fufolio:syntaxToken.v1:0012_001_pers_16_87_1_0	urn:cite2:fufolio:hmtGraph.v1:Iliad16a	37	urn:cite2:fufolio:partsOfSpeech.v1:363	ἐκ
urn:cite2:fufolio:vertices.v1:20170218095911755_1_38	urn:cite2:fufolio:syntaxToken.v1:0012_001_pers_16_87_2_1	urn:cite2:fufolio:hmtGraph.v1:Iliad16a	38	urn:cite2:fufolio:partsOfSpeech.v1:235	νηῶν
urn:cite2:fufolio:vertices.v1:20170218095911756_1_39	urn:cite2:fufolio:syntaxToken.v1:0012_001_pers_16_87_3_2	urn:cite2:fufolio:hmtGraph.v1:Iliad16a	39	urn:cite2:fufolio:partsOfSpeech.v1:603	ἐλάσας
urn:cite2:fufolio:vertices.v1:20170218095911757_1_40	urn:cite2:fufolio:syntaxToken.v1:0012_001_pers_16_87_4_3	urn:cite2:fufolio:hmtGraph.v1:Iliad16a	40	urn:cite2:fufolio:partsOfSpeech.v1:384	ἰέναι
urn:cite2:fufolio:vertices.v1:20170218095911758_1_41	urn:cite2:fufolio:syntaxToken.v1:0012_001_pers_16_87_5_4	urn:cite2:fufolio:hmtGraph.v1:Iliad16a	41	urn:cite2:fufolio:partsOfSpeech.v1:144	πάλιν
urn:cite2:fufolio:vertices.v1:20170218095912114_1_1	urn:cite2:fufolio:syntaxToken.v1:0012_001_pers_16_83_1_0	urn:cite2:fufolio:hmtGraph.v1:Iliad16b	1	urn:cite2:fufolio:partsOfSpeech.v1:956	πείθεο
urn:cite2:fufolio:vertices.v1:20170218095912114_1_2	urn:cite2:fufolio:syntaxToken.v1:0012_001_pers_16_83_2_1	urn:cite2:fufolio:hmtGraph.v1:Iliad16b	2	urn:cite2:fufolio:partsOfSpeech.v1:144	δ᾽
urn:cite2:fufolio:vertices.v1:20170218095912115_1_3	urn:cite2:fufolio:syntaxToken.v1:0012_001_pers_16_83_3_2	urn:cite2:fufolio:hmtGraph.v1:Iliad16b	3	urn:cite2:fufolio:partsOfSpeech.v1:144	ὥς
urn:cite2:fufolio:vertices.v1:20170218095912116_1_4	urn:cite2:fufolio:syntaxToken.v1:0012_001_pers_16_83_4_3	urn:cite2:fufolio:hmtGraph.v1:Iliad16b	4	urn:cite2:fufolio:partsOfSpeech.v1:351	τοι
urn:cite2:fufolio:vertices.v1:20170218095912117_1_5	urn:cite2:fufolio:syntaxToken.v1:0012_001_pers_16_83_5_4	urn:cite2:fufolio:hmtGraph.v1:Iliad16b	5	urn:cite2:fufolio:partsOfSpeech.v1:340	ἐγὼ
urn:cite2:fufolio:vertices.v1:20170218095912118_1_6	urn:cite2:fufolio:syntaxToken.v1:0012_001_pers_16_83_6_5	urn:cite2:fufolio:hmtGraph.v1:Iliad16b	6	urn:cite2:fufolio:partsOfSpeech.v1:263	μύθου
urn:cite2:fufolio:vertices.v1:20170218095912119_1_7	urn:cite2:fufolio:syntaxToken.v1:0012_001_pers_16_83_7_6	urn:cite2:fufolio:hmtGraph.v1:Iliad16b	7	urn:cite2:fufolio:partsOfSpeech.v1:266	τέλος
urn:cite2:fufolio:vertices.v1:20170218095912120_1_8	urn:cite2:fufolio:syntaxToken.v1:0012_001_pers_16_83_8_7	urn:cite2:fufolio:hmtGraph.v1:Iliad16b	8	urn:cite2:fufolio:partsOfSpeech.v1:363	ἐν
urn:cite2:fufolio:vertices.v1:20170218095912121_1_9	urn:cite2:fufolio:syntaxToken.v1:0012_001_pers_16_83_9_8	urn:cite2:fufolio:hmtGraph.v1:Iliad16b	9	urn:cite2:fufolio:partsOfSpeech.v1:234	φρεσὶ
urn:cite2:fufolio:vertices.v1:20170218095912122_1_10	urn:cite2:fufolio:syntaxToken.v1:0012_001_pers_16_83_10_9	urn:cite2:fufolio:hmtGraph.v1:Iliad16b	10	urn:cite2:fufolio:partsOfSpeech.v1:820	θείω
urn:cite2:fufolio:vertices.v1:20170218095912124_1_13	urn:cite2:fufolio:syntaxToken.v1:0012_001_pers_16_84_2_1	urn:cite2:fufolio:hmtGraph.v1:Iliad16b	13	urn:cite2:fufolio:partsOfSpeech.v1:139	ἄν
urn:cite2:fufolio:vertices.v1:20170218095912125_1_14	urn:cite2:fufolio:syntaxToken.v1:0012_001_pers_16_84_3_2	urn:cite2:fufolio:hmtGraph.v1:Iliad16b	14	urn:cite2:fufolio:partsOfSpeech.v1:338	μοι
urn:cite2:fufolio:vertices.v1:20170218095912125_1_15	urn:cite2:fufolio:syntaxToken.v1:0012_001_pers_16_84_4_3	urn:cite2:fufolio:hmtGraph.v1:Iliad16b	15	urn:cite2:fufolio:partsOfSpeech.v1:255	τιμὴν
urn:cite2:fufolio:vertices.v1:20170218095912126_1_16	urn:cite2:fufolio:syntaxToken.v1:0012_001_pers_16_84_5_4	urn:cite2:fufolio:hmtGraph.v1:Iliad16b	16	urn:cite2:fufolio:partsOfSpeech.v1:94	μεγάλην
urn:cite2:fufolio:vertices.v1:20170218095912127_1_17	urn:cite2:fufolio:syntaxToken.v1:0012_001_pers_16_84_6_5	urn:cite2:fufolio:hmtGraph.v1:Iliad16b	17	urn:cite2:fufolio:partsOfSpeech.v1:139	καὶ
urn:cite2:fufolio:vertices.v1:20170218095912127_1_18	urn:cite2:fufolio:syntaxToken.v1:0012_001_pers_16_84_7_6	urn:cite2:fufolio:hmtGraph.v1:Iliad16b	18	urn:cite2:fufolio:partsOfSpeech.v1:266	κῦδος
urn:cite2:fufolio:vertices.v1:20170218095912128_1_19	urn:cite2:fufolio:syntaxToken.v1:0012_001_pers_16_84_8_7	urn:cite2:fufolio:hmtGraph.v1:Iliad16b	19	urn:cite2:fufolio:partsOfSpeech.v1:937	ἄρηαι
urn:cite2:fufolio:vertices.v1:20170218095912129_1_20	urn:cite2:fufolio:syntaxToken.v1:0012_001_pers_16_85_1_0	urn:cite2:fufolio:hmtGraph.v1:Iliad16b	20	urn:cite2:fufolio:partsOfSpeech.v1:363	πρὸς
urn:cite2:fufolio:vertices.v1:20170218095912131_1_22	urn:cite2:fufolio:syntaxToken.v1:0012_001_pers_16_85_3_2	urn:cite2:fufolio:hmtGraph.v1:Iliad16b	22	urn:cite2:fufolio:partsOfSpeech.v1:241	Δαναῶν
urn:cite2:fufolio:vertices.v1:20170218095912132_1_24	urn:cite2:fufolio:syntaxToken.v1:0012_001_pers_16_85_5_4	urn:cite2:fufolio:hmtGraph.v1:Iliad16b	24	urn:cite2:fufolio:partsOfSpeech.v1:144	ἀτὰρ
urn:cite2:fufolio:vertices.v1:20170218095912133_1_25	urn:cite2:fufolio:syntaxToken.v1:0012_001_pers_16_85_6_5	urn:cite2:fufolio:hmtGraph.v1:Iliad16b	25	urn:cite2:fufolio:partsOfSpeech.v1:297	οἳ
urn:cite2:fufolio:vertices.v1:20170218095912134_1_26	urn:cite2:fufolio:syntaxToken.v1:0012_001_pers_16_85_7_6	urn:cite2:fufolio:hmtGraph.v1:Iliad16b	26	urn:cite2:fufolio:partsOfSpeech.v1:94	περικαλλέα
urn:cite2:fufolio:vertices.v1:20170218095912134_1_27	urn:cite2:fufolio:syntaxToken.v1:0012_001_pers_16_85_8_7	urn:cite2:fufolio:hmtGraph.v1:Iliad16b	27	urn:cite2:fufolio:partsOfSpeech.v1:255	κούρην
urn:cite2:fufolio:vertices.v1:20170218095912135_1_28	urn:cite2:fufolio:syntaxToken.v1:0012_001_pers_16_86_1_0	urn:cite2:fufolio:hmtGraph.v1:Iliad16b	28	urn:cite2:fufolio:partsOfSpeech.v1:144	ἂψ
urn:cite2:fufolio:vertices.v1:20170218095912136_1_29	urn:cite2:fufolio:syntaxToken.v1:0012_001_pers_16_86_2_1	urn:cite2:fufolio:hmtGraph.v1:Iliad16b	29	urn:cite2:fufolio:partsOfSpeech.v1:1008	ἀπονάσσωσιν
urn:cite2:fufolio:vertices.v1:20170218095912137_1_31	urn:cite2:fufolio:syntaxToken.v1:0012_001_pers_16_86_4_3	urn:cite2:fufolio:hmtGraph.v1:Iliad16b	31	urn:cite2:fufolio:partsOfSpeech.v1:363	ποτὶ
urn:cite2:fufolio:vertices.v1:20170218095912138_1_32	urn:cite2:fufolio:syntaxToken.v1:0012_001_pers_16_86_5_4	urn:cite2:fufolio:hmtGraph.v1:Iliad16b	32	urn:cite2:fufolio:partsOfSpeech.v1:144	δ᾽
urn:cite2:fufolio:vertices.v1:20170218095912139_1_33	urn:cite2:fufolio:syntaxToken.v1:0012_001_pers_16_86_6_5	urn:cite2:fufolio:hmtGraph.v1:Iliad16b	33	urn:cite2:fufolio:partsOfSpeech.v1:74	ἀγλαὰ
urn:cite2:fufolio:vertices.v1:20170218095912139_1_34	urn:cite2:fufolio:syntaxToken.v1:0012_001_pers_16_86_7_6	urn:cite2:fufolio:hmtGraph.v1:Iliad16b	34	urn:cite2:fufolio:partsOfSpeech.v1:244	δῶρα
urn:cite2:fufolio:vertices.v1:20170218095912140_1_35	urn:cite2:fufolio:syntaxToken.v1:0012_001_pers_16_86_8_7	urn:cite2:fufolio:hmtGraph.v1:Iliad16b	35	urn:cite2:fufolio:partsOfSpeech.v1:1008	πόρωσιν
urn:cite2:fufolio:vertices.v1:20170218095912143_1_37	urn:cite2:fufolio:syntaxToken.v1:0012_001_pers_16_87_1_0	urn:cite2:fufolio:hmtGraph.v1:Iliad16b	37	urn:cite2:fufolio:partsOfSpeech.v1:363	ἐκ
urn:cite2:fufolio:vertices.v1:20170218095912145_1_38	urn:cite2:fufolio:syntaxToken.v1:0012_001_pers_16_87_2_1	urn:cite2:fufolio:hmtGraph.v1:Iliad16b	38	urn:cite2:fufolio:partsOfSpeech.v1:235	νηῶν
urn:cite2:fufolio:vertices.v1:20170218095912146_1_39	urn:cite2:fufolio:syntaxToken.v1:0012_001_pers_16_87_3_2	urn:cite2:fufolio:hmtGraph.v1:Iliad16b	39	urn:cite2:fufolio:partsOfSpeech.v1:603	ἐλάσας
urn:cite2:fufolio:vertices.v1:20170218095912147_1_40	urn:cite2:fufolio:syntaxToken.v1:0012_001_pers_16_87_4_3	urn:cite2:fufolio:hmtGraph.v1:Iliad16b	40	urn:cite2:fufolio:partsOfSpeech.v1:384	ἰέναι
urn:cite2:fufolio:vertices.v1:20170218095912149_1_41	urn:cite2:fufolio:syntaxToken.v1:0012_001_pers_16_87_5_4	urn:cite2:fufolio:hmtGraph.v1:Iliad16b	41	urn:cite2:fufolio:partsOfSpeech.v1:144	πάλιν
urn:cite2:fufolio:vertices.v1:20170218095912406_1_1	urn:cite2:fufolio:syntaxToken.v1:0012_001_pers_24_3_6_5	urn:cite2:fufolio:hmtGraph.v1:IliadAristarchus	1	urn:cite2:fufolio:partsOfSpeech.v1:144	αὐτὰρ
urn:cite2:fufolio:vertices.v1:20170218095912408_1_2	urn:cite2:fufolio:syntaxToken.v1:0012_001_pers_24_3_7_6	urn:cite2:fufolio:hmtGraph.v1:IliadAristarchus	2	urn:cite2:fufolio:partsOfSpeech.v1:264	Ἀχιλλεὺς
urn:cite2:fufolio:vertices.v1:20170218095912408_1_3	urn:cite2:fufolio:syntaxToken.v1:0012_001_pers_24_4_1_0	urn:cite2:fufolio:hmtGraph.v1:IliadAristarchus	3	urn:cite2:fufolio:partsOfSpeech.v1:1079	κλαῖε
urn:cite2:fufolio:vertices.v1:20170218095912409_1_4	urn:cite2:fufolio:syntaxToken.v1:0012_001_pers_24_4_2_1	urn:cite2:fufolio:hmtGraph.v1:IliadAristarchus	4	urn:cite2:fufolio:partsOfSpeech.v1:115	φίλου
urn:cite2:fufolio:vertices.v1:20170218095912410_1_5	urn:cite2:fufolio:syntaxToken.v1:0012_001_pers_24_4_3_2	urn:cite2:fufolio:hmtGraph.v1:IliadAristarchus	5	urn:cite2:fufolio:partsOfSpeech.v1:263	ἑτάρου
urn:cite2:fufolio:vertices.v1:20170218095912410_1_6	urn:cite2:fufolio:syntaxToken.v1:0012_001_pers_24_4_4_3	urn:cite2:fufolio:hmtGraph.v1:IliadAristarchus	6	urn:cite2:fufolio:partsOfSpeech.v1:744	μεμνημένος
urn:cite2:fufolio:vertices.v1:20170218095912411_1_8	urn:cite2:fufolio:syntaxToken.v1:0012_001_pers_24_4_6a_5	urn:cite2:fufolio:hmtGraph.v1:IliadAristarchus	8	urn:cite2:fufolio:partsOfSpeech.v1:139	【οὐ】δέ
urn:cite2:fufolio:vertices.v1:20170218095912413_1_10	urn:cite2:fufolio:syntaxToken.v1:0012_001_pers_24_4_7_6	urn:cite2:fufolio:hmtGraph.v1:IliadAristarchus	10	urn:cite2:fufolio:partsOfSpeech.v1:362	μιν
urn:cite2:fufolio:vertices.v1:20170218095912414_1_11	urn:cite2:fufolio:syntaxToken.v1:0012_001_pers_24_4_8_7	urn:cite2:fufolio:hmtGraph.v1:IliadAristarchus	11	urn:cite2:fufolio:partsOfSpeech.v1:264	ὕπνος
urn:cite2:fufolio:vertices.v1:20170218095912415_1_12	urn:cite2:fufolio:syntaxToken.v1:0012_001_pers_24_5_1_0	urn:cite2:fufolio:hmtGraph.v1:IliadAristarchus	12	urn:cite2:fufolio:partsOfSpeech.v1:1079	ᾕρει
urn:cite2:fufolio:vertices.v1:20170218095912416_1_13	urn:cite2:fufolio:syntaxToken.v1:0012_001_pers_24_5_2_1	urn:cite2:fufolio:hmtGraph.v1:IliadAristarchus	13	urn:cite2:fufolio:partsOfSpeech.v1:264	πανδαμάτωρ
urn:cite2:fufolio:vertices.v1:20170218095912417_1_15	urn:cite2:fufolio:syntaxToken.v1:0012_001_pers_24_5_4_3	urn:cite2:fufolio:hmtGraph.v1:IliadAristarchus	15	urn:cite2:fufolio:partsOfSpeech.v1:144	ἀλλ᾽
urn:cite2:fufolio:vertices.v1:20170218095912417_1_16	urn:cite2:fufolio:syntaxToken.v1:0012_001_pers_24_5_5_4	urn:cite2:fufolio:hmtGraph.v1:IliadAristarchus	16	urn:cite2:fufolio:partsOfSpeech.v1:1080	ἐστρέφετ᾽
urn:cite2:fufolio:vertices.v1:20170218095912418_1_17	urn:cite2:fufolio:syntaxToken.v1:0012_001_pers_24_5_6_5	urn:cite2:fufolio:hmtGraph.v1:IliadAristarchus	17	urn:cite2:fufolio:partsOfSpeech.v1:144	ἔνθα
urn:cite2:fufolio:vertices.v1:20170218095912418_1_18	urn:cite2:fufolio:syntaxToken.v1:0012_001_pers_24_5_7_6	urn:cite2:fufolio:hmtGraph.v1:IliadAristarchus	18	urn:cite2:fufolio:partsOfSpeech.v1:139	καὶ
urn:cite2:fufolio:vertices.v1:20170218095912419_1_19	urn:cite2:fufolio:syntaxToken.v1:0012_001_pers_24_5_8_7	urn:cite2:fufolio:hmtGraph.v1:IliadAristarchus	19	urn:cite2:fufolio:partsOfSpeech.v1:144	ἔνθα
urn:cite2:fufolio:vertices.v1:20170218095912440_1_55	urn:cite2:fufolio:syntaxToken.v1:0012_001_pers_24_10_1_0	urn:cite2:fufolio:hmtGraph.v1:IliadAristarchus	55	urn:cite2:fufolio:partsOfSpeech.v1:144	ἄλλοτ᾽
urn:cite2:fufolio:vertices.v1:20170218095912441_1_56	urn:cite2:fufolio:syntaxToken.v1:0012_001_pers_24_10_2_1	urn:cite2:fufolio:hmtGraph.v1:IliadAristarchus	56	urn:cite2:fufolio:partsOfSpeech.v1:363	ἐπὶ
urn:cite2:fufolio:vertices.v1:20170218095912441_1_57	urn:cite2:fufolio:syntaxToken.v1:0012_001_pers_24_10_3_2	urn:cite2:fufolio:hmtGraph.v1:IliadAristarchus	57	urn:cite2:fufolio:partsOfSpeech.v1:233	πλευρὰς
urn:cite2:fufolio:vertices.v1:20170218095912442_1_58	urn:cite2:fufolio:syntaxToken.v1:0012_001_pers_24_10_4_3	urn:cite2:fufolio:hmtGraph.v1:IliadAristarchus	58	urn:cite2:fufolio:partsOfSpeech.v1:707	κατακείμενος
urn:cite2:fufolio:vertices.v1:20170218095912443_1_60	urn:cite2:fufolio:syntaxToken.v1:0012_001_pers_24_10_6_5	urn:cite2:fufolio:hmtGraph.v1:IliadAristarchus	60	urn:cite2:fufolio:partsOfSpeech.v1:144	ἄλλοτε
urn:cite2:fufolio:vertices.v1:20170218095912444_1_61	urn:cite2:fufolio:syntaxToken.v1:0012_001_pers_24_10_7_6	urn:cite2:fufolio:hmtGraph.v1:IliadAristarchus	61	urn:cite2:fufolio:partsOfSpeech.v1:144	δ᾽
urn:cite2:fufolio:vertices.v1:20170218095912445_1_63	urn:cite2:fufolio:syntaxToken.v1:0012_001_pers_24_11_1_0	urn:cite2:fufolio:hmtGraph.v1:IliadAristarchus	63	urn:cite2:fufolio:partsOfSpeech.v1:118	ὕπτιος
urn:cite2:fufolio:vertices.v1:20170218095912446_1_65	urn:cite2:fufolio:syntaxToken.v1:0012_001_pers_24_11_3_2	urn:cite2:fufolio:hmtGraph.v1:IliadAristarchus	65	urn:cite2:fufolio:partsOfSpeech.v1:144	ἄλλοτε
urn:cite2:fufolio:vertices.v1:20170218095912447_1_66	urn:cite2:fufolio:syntaxToken.v1:0012_001_pers_24_11_4_3	urn:cite2:fufolio:hmtGraph.v1:IliadAristarchus	66	urn:cite2:fufolio:partsOfSpeech.v1:144	δὲ
urn:cite2:fufolio:vertices.v1:20170218095912447_1_67	urn:cite2:fufolio:syntaxToken.v1:0012_001_pers_24_11_5_4	urn:cite2:fufolio:hmtGraph.v1:IliadAristarchus	67	urn:cite2:fufolio:partsOfSpeech.v1:118	πρηνής
urn:cite2:fufolio:vertices.v1:20170218095912448_1_68	urn:cite2:fufolio:syntaxToken.v1:0012_001_pers_24_11_6_5	urn:cite2:fufolio:hmtGraph.v1:IliadAristarchus	68	urn:cite2:fufolio:partsOfSpeech.v1:365	·
urn:cite2:fufolio:vertices.v1:20170218095912889_1_1	urn:cite2:fufolio:syntaxToken.v1:0012_001_pers_24_3_6_5	urn:cite2:fufolio:hmtGraph.v1:Iliad24Default	1	urn:cite2:fufolio:partsOfSpeech.v1:144	αὐτὰρ
urn:cite2:fufolio:vertices.v1:20170218095912889_1_2	urn:cite2:fufolio:syntaxToken.v1:0012_001_pers_24_3_7_6	urn:cite2:fufolio:hmtGraph.v1:Iliad24Default	2	urn:cite2:fufolio:partsOfSpeech.v1:264	Ἀχιλλεὺς
urn:cite2:fufolio:vertices.v1:20170218095912890_1_3	urn:cite2:fufolio:syntaxToken.v1:0012_001_pers_24_4_1_0	urn:cite2:fufolio:hmtGraph.v1:Iliad24Default	3	urn:cite2:fufolio:partsOfSpeech.v1:1079	κλαῖε
urn:cite2:fufolio:vertices.v1:20170218095912891_1_4	urn:cite2:fufolio:syntaxToken.v1:0012_001_pers_24_4_2_1	urn:cite2:fufolio:hmtGraph.v1:Iliad24Default	4	urn:cite2:fufolio:partsOfSpeech.v1:115	φίλου
urn:cite2:fufolio:vertices.v1:20170218095912895_1_5	urn:cite2:fufolio:syntaxToken.v1:0012_001_pers_24_4_3_2	urn:cite2:fufolio:hmtGraph.v1:Iliad24Default	5	urn:cite2:fufolio:partsOfSpeech.v1:263	ἑτάρου
urn:cite2:fufolio:vertices.v1:20170218095912896_1_6	urn:cite2:fufolio:syntaxToken.v1:0012_001_pers_24_4_4_3	urn:cite2:fufolio:hmtGraph.v1:Iliad24Default	6	urn:cite2:fufolio:partsOfSpeech.v1:744	μεμνημένος
urn:cite2:fufolio:vertices.v1:20170218095912898_1_8	urn:cite2:fufolio:syntaxToken.v1:0012_001_pers_24_4_6a_5	urn:cite2:fufolio:hmtGraph.v1:Iliad24Default	8	urn:cite2:fufolio:partsOfSpeech.v1:139	【οὐ】δέ
urn:cite2:fufolio:vertices.v1:20170218095912901_1_10	urn:cite2:fufolio:syntaxToken.v1:0012_001_pers_24_4_7_6	urn:cite2:fufolio:hmtGraph.v1:Iliad24Default	10	urn:cite2:fufolio:partsOfSpeech.v1:362	μιν
urn:cite2:fufolio:vertices.v1:20170218095912901_1_11	urn:cite2:fufolio:syntaxToken.v1:0012_001_pers_24_4_8_7	urn:cite2:fufolio:hmtGraph.v1:Iliad24Default	11	urn:cite2:fufolio:partsOfSpeech.v1:264	ὕπνος
urn:cite2:fufolio:vertices.v1:20170218095912902_1_12	urn:cite2:fufolio:syntaxToken.v1:0012_001_pers_24_5_1_0	urn:cite2:fufolio:hmtGraph.v1:Iliad24Default	12	urn:cite2:fufolio:partsOfSpeech.v1:1079	ᾕρει
urn:cite2:fufolio:vertices.v1:20170218095912903_1_13	urn:cite2:fufolio:syntaxToken.v1:0012_001_pers_24_5_2_1	urn:cite2:fufolio:hmtGraph.v1:Iliad24Default	13	urn:cite2:fufolio:partsOfSpeech.v1:264	πανδαμάτωρ
urn:cite2:fufolio:vertices.v1:20170218095912906_1_15	urn:cite2:fufolio:syntaxToken.v1:0012_001_pers_24_5_4_3	urn:cite2:fufolio:hmtGraph.v1:Iliad24Default	15	urn:cite2:fufolio:partsOfSpeech.v1:144	ἀλλ᾽
urn:cite2:fufolio:vertices.v1:20170218095912906_1_16	urn:cite2:fufolio:syntaxToken.v1:0012_001_pers_24_5_5_4	urn:cite2:fufolio:hmtGraph.v1:Iliad24Default	16	urn:cite2:fufolio:partsOfSpeech.v1:1080	ἐστρέφετ᾽
urn:cite2:fufolio:vertices.v1:20170218095912907_1_17	urn:cite2:fufolio:syntaxToken.v1:0012_001_pers_24_5_6_5	urn:cite2:fufolio:hmtGraph.v1:Iliad24Default	17	urn:cite2:fufolio:partsOfSpeech.v1:144	ἔνθα
urn:cite2:fufolio:vertices.v1:20170218095912907_1_18	urn:cite2:fufolio:syntaxToken.v1:0012_001_pers_24_5_7_6	urn:cite2:fufolio:hmtGraph.v1:Iliad24Default	18	urn:cite2:fufolio:partsOfSpeech.v1:139	καὶ
urn:cite2:fufolio:vertices.v1:20170218095912908_1_19	urn:cite2:fufolio:syntaxToken.v1:0012_001_pers_24_5_8_7	urn:cite2:fufolio:hmtGraph.v1:Iliad24Default	19	urn:cite2:fufolio:partsOfSpeech.v1:144	ἔνθα
urn:cite2:fufolio:vertices.v1:20170218095912909_1_21	urn:cite2:fufolio:syntaxToken.v1:0012_001_pers_24_6_2_1	urn:cite2:fufolio:hmtGraph.v1:Iliad24Default	21	urn:cite2:fufolio:partsOfSpeech.v1:263	{Πατρόκλου}
urn:cite2:fufolio:vertices.v1:20170218095912910_1_23	urn:cite2:fufolio:syntaxToken.v1:0012_001_pers_24_6_4_3	urn:cite2:fufolio:hmtGraph.v1:Iliad24Default	23	urn:cite2:fufolio:partsOfSpeech.v1:255	{ἀνδροτῆτά}
urn:cite2:fufolio:vertices.v1:20170218095912910_1_24	urn:cite2:fufolio:syntaxToken.v1:0012_001_pers_24_6_5_4	urn:cite2:fufolio:hmtGraph.v1:Iliad24Default	24	urn:cite2:fufolio:partsOfSpeech.v1:139	{τε}
urn:cite2:fufolio:vertices.v1:20170218095912911_1_25	urn:cite2:fufolio:syntaxToken.v1:0012_001_pers_24_6_6_5	urn:cite2:fufolio:hmtGraph.v1:Iliad24Default	25	urn:cite2:fufolio:partsOfSpeech.v1:139	{καὶ}
urn:cite2:fufolio:vertices.v1:20170218095912913_1_26	urn:cite2:fufolio:syntaxToken.v1:0012_001_pers_24_6_7_6	urn:cite2:fufolio:hmtGraph.v1:Iliad24Default	26	urn:cite2:fufolio:partsOfSpeech.v1:268	{μένος}
urn:cite2:fufolio:vertices.v1:20170218095912914_1_28	urn:cite2:fufolio:syntaxToken.v1:0012_001_pers_24_6_9_8	urn:cite2:fufolio:hmtGraph.v1:Iliad24Default	28	urn:cite2:fufolio:partsOfSpeech.v1:365	{,}
urn:cite2:fufolio:vertices.v1:20170218095912920_1_30	urn:cite2:fufolio:syntaxToken.v1:0012_001_pers_24_7_2_1	urn:cite2:fufolio:hmtGraph.v1:Iliad24Default	30	urn:cite2:fufolio:partsOfSpeech.v1:139	{ἠδ᾽}
urn:cite2:fufolio:vertices.v1:20170218095912923_1_32	urn:cite2:fufolio:syntaxToken.v1:0012_001_pers_24_7_4_3	urn:cite2:fufolio:hmtGraph.v1:Iliad24Default	32	urn:cite2:fufolio:partsOfSpeech.v1:1051	{τολύπευσε}
urn:cite2:fufolio:vertices.v1:20170218095912925_1_33	urn:cite2:fufolio:syntaxToken.v1:0012_001_pers_24_7_5_4	urn:cite2:fufolio:hmtGraph.v1:Iliad24Default	33	urn:cite2:fufolio:partsOfSpeech.v1:363	{σὺν}
urn:cite2:fufolio:vertices.v1:20170218095912927_1_34	urn:cite2:fufolio:syntaxToken.v1:0012_001_pers_24_7_6_5	urn:cite2:fufolio:hmtGraph.v1:Iliad24Default	34	urn:cite2:fufolio:partsOfSpeech.v1:315	{αὐτῷ}
urn:cite2:fufolio:vertices.v1:20170218095912928_1_35	urn:cite2:fufolio:syntaxToken.v1:0012_001_pers_24_7_7_6	urn:cite2:fufolio:hmtGraph.v1:Iliad24Default	35	urn:cite2:fufolio:partsOfSpeech.v1:139	{καὶ}
urn:cite2:fufolio:vertices.v1:20170218095912928_1_36	urn:cite2:fufolio:syntaxToken.v1:0012_001_pers_24_7_8_7	urn:cite2:fufolio:hmtGraph.v1:Iliad24Default	36	urn:cite2:fufolio:partsOfSpeech.v1:1051	{πάθεν}
urn:cite2:fufolio:vertices.v1:20170218095912929_1_37	urn:cite2:fufolio:syntaxToken.v1:0012_001_pers_24_7_9_8	urn:cite2:fufolio:hmtGraph.v1:Iliad24Default	37	urn:cite2:fufolio:partsOfSpeech.v1:244	{ἄλγεα}
urn:cite2:fufolio:vertices.v1:20170218095912930_1_39	urn:cite2:fufolio:syntaxToken.v1:0012_001_pers_24_8_2_1	urn:cite2:fufolio:hmtGraph.v1:Iliad24Default	39	urn:cite2:fufolio:partsOfSpeech.v1:241	{ἀνδρῶν}
urn:cite2:fufolio:vertices.v1:20170218095912930_1_40	urn:cite2:fufolio:syntaxToken.v1:0012_001_pers_24_8_3_2	urn:cite2:fufolio:hmtGraph.v1:Iliad24Default	40	urn:cite2:fufolio:partsOfSpeech.v1:139	{τε}
urn:cite2:fufolio:vertices.v1:20170218095912930_1_41	urn:cite2:fufolio:syntaxToken.v1:0012_001_pers_24_8_4_3	urn:cite2:fufolio:hmtGraph.v1:Iliad24Default	41	urn:cite2:fufolio:partsOfSpeech.v1:239	{πτολέμους}
urn:cite2:fufolio:vertices.v1:20170218095912931_1_43	urn:cite2:fufolio:syntaxToken.v1:0012_001_pers_24_8_6_5	urn:cite2:fufolio:hmtGraph.v1:Iliad24Default	43	urn:cite2:fufolio:partsOfSpeech.v1:139	{τε}
urn:cite2:fufolio:vertices.v1:20170218095912932_1_44	urn:cite2:fufolio:syntaxToken.v1:0012_001_pers_24_8_7_6	urn:cite2:fufolio:hmtGraph.v1:Iliad24Default	44	urn:cite2:fufolio:partsOfSpeech.v1:244	{κύματα}
urn:cite2:fufolio:vertices.v1:20170218095912938_1_48	urn:cite2:fufolio:syntaxToken.v1:0012_001_pers_24_9_2_1	urn:cite2:fufolio:hmtGraph.v1:Iliad24Default	48	urn:cite2:fufolio:partsOfSpeech.v1:301	{τῶν}
urn:cite2:fufolio:vertices.v1:20170218095912939_1_51	urn:cite2:fufolio:syntaxToken.v1:0012_001_pers_24_9_5_4	urn:cite2:fufolio:hmtGraph.v1:Iliad24Default	51	urn:cite2:fufolio:partsOfSpeech.v1:363	{κατὰ}
urn:cite2:fufolio:vertices.v1:20170218095912940_1_52	urn:cite2:fufolio:syntaxToken.v1:0012_001_pers_24_9_6_5	urn:cite2:fufolio:hmtGraph.v1:Iliad24Default	52	urn:cite2:fufolio:partsOfSpeech.v1:266	{δάκρυον}
urn:cite2:fufolio:vertices.v1:20170218095912941_1_53	urn:cite2:fufolio:syntaxToken.v1:0012_001_pers_24_9_7_6	urn:cite2:fufolio:hmtGraph.v1:Iliad24Default	53	urn:cite2:fufolio:partsOfSpeech.v1:1079	{εἶβεν}
urn:cite2:fufolio:vertices.v1:20170218095912942_1_54	urn:cite2:fufolio:syntaxToken.v1:0012_001_pers_24_9_8_7	urn:cite2:fufolio:hmtGraph.v1:Iliad24Default	54	urn:cite2:fufolio:partsOfSpeech.v1:365	{,}
urn:cite2:fufolio:vertices.v1:20170218095912942_1_55	urn:cite2:fufolio:syntaxToken.v1:0012_001_pers_24_10_1_0	urn:cite2:fufolio:hmtGraph.v1:Iliad24Default	55	urn:cite2:fufolio:partsOfSpeech.v1:144	ἄλλοτ᾽
urn:cite2:fufolio:vertices.v1:20170218095912943_1_56	urn:cite2:fufolio:syntaxToken.v1:0012_001_pers_24_10_2_1	urn:cite2:fufolio:hmtGraph.v1:Iliad24Default	56	urn:cite2:fufolio:partsOfSpeech.v1:363	ἐπὶ
urn:cite2:fufolio:vertices.v1:20170218095912943_1_57	urn:cite2:fufolio:syntaxToken.v1:0012_001_pers_24_10_3_2	urn:cite2:fufolio:hmtGraph.v1:Iliad24Default	57	urn:cite2:fufolio:partsOfSpeech.v1:233	πλευρὰς
urn:cite2:fufolio:vertices.v1:20170218095912944_1_58	urn:cite2:fufolio:syntaxToken.v1:0012_001_pers_24_10_4_3	urn:cite2:fufolio:hmtGraph.v1:Iliad24Default	58	urn:cite2:fufolio:partsOfSpeech.v1:707	κατακείμενος
urn:cite2:fufolio:vertices.v1:20170218095912945_1_60	urn:cite2:fufolio:syntaxToken.v1:0012_001_pers_24_10_6_5	urn:cite2:fufolio:hmtGraph.v1:Iliad24Default	60	urn:cite2:fufolio:partsOfSpeech.v1:144	ἄλλοτε
urn:cite2:fufolio:vertices.v1:20170218095912945_1_61	urn:cite2:fufolio:syntaxToken.v1:0012_001_pers_24_10_7_6	urn:cite2:fufolio:hmtGraph.v1:Iliad24Default	61	urn:cite2:fufolio:partsOfSpeech.v1:144	δ᾽
urn:cite2:fufolio:vertices.v1:20170218095912946_1_62	urn:cite2:fufolio:syntaxToken.v1:0012_001_pers_24_10_8_7	urn:cite2:fufolio:hmtGraph.v1:Iliad24Default	62	urn:cite2:fufolio:partsOfSpeech.v1:144	αὖτε
urn:cite2:fufolio:vertices.v1:20170218095912946_1_63	urn:cite2:fufolio:syntaxToken.v1:0012_001_pers_24_11_1_0	urn:cite2:fufolio:hmtGraph.v1:Iliad24Default	63	urn:cite2:fufolio:partsOfSpeech.v1:118	ὕπτιος
urn:cite2:fufolio:vertices.v1:20170218095912947_1_65	urn:cite2:fufolio:syntaxToken.v1:0012_001_pers_24_11_3_2	urn:cite2:fufolio:hmtGraph.v1:Iliad24Default	65	urn:cite2:fufolio:partsOfSpeech.v1:144	ἄλλοτε
urn:cite2:fufolio:vertices.v1:20170218095912947_1_66	urn:cite2:fufolio:syntaxToken.v1:0012_001_pers_24_11_4_3	urn:cite2:fufolio:hmtGraph.v1:Iliad24Default	66	urn:cite2:fufolio:partsOfSpeech.v1:144	δὲ
urn:cite2:fufolio:vertices.v1:20170218095912948_1_67	urn:cite2:fufolio:syntaxToken.v1:0012_001_pers_24_11_5_4	urn:cite2:fufolio:hmtGraph.v1:Iliad24Default	67	urn:cite2:fufolio:partsOfSpeech.v1:118	πρηνής
urn:cite2:fufolio:vertices.v1:20170218095912948_1_68	urn:cite2:fufolio:syntaxToken.v1:0012_001_pers_24_11_6_5	urn:cite2:fufolio:hmtGraph.v1:Iliad24Default	68	urn:cite2:fufolio:partsOfSpeech.v1:365	·
urn:cite2:fufolio:vertices.v1:20170218095912644_1_1	urn:cite2:fufolio:syntaxToken.v1:0012_001_pers_24_3_6_5	urn:cite2:fufolio:hmtGraph.v1:Iliad24Nicanor	1	urn:cite2:fufolio:partsOfSpeech.v1:144	αὐτὰρ
urn:cite2:fufolio:vertices.v1:20170218095912644_1_2	urn:cite2:fufolio:syntaxToken.v1:0012_001_pers_24_3_7_6	urn:cite2:fufolio:hmtGraph.v1:Iliad24Nicanor	2	urn:cite2:fufolio:partsOfSpeech.v1:264	Ἀχιλλεὺς
urn:cite2:fufolio:vertices.v1:20170218095912645_1_3	urn:cite2:fufolio:syntaxToken.v1:0012_001_pers_24_4_1_0	urn:cite2:fufolio:hmtGraph.v1:Iliad24Nicanor	3	urn:cite2:fufolio:partsOfSpeech.v1:1079	κλαῖε
urn:cite2:fufolio:vertices.v1:20170218095912646_1_4	urn:cite2:fufolio:syntaxToken.v1:0012_001_pers_24_4_2_1	urn:cite2:fufolio:hmtGraph.v1:Iliad24Nicanor	4	urn:cite2:fufolio:partsOfSpeech.v1:115	φίλου
urn:cite2:fufolio:vertices.v1:20170218095912646_1_5	urn:cite2:fufolio:syntaxToken.v1:0012_001_pers_24_4_3_2	urn:cite2:fufolio:hmtGraph.v1:Iliad24Nicanor	5	urn:cite2:fufolio:partsOfSpeech.v1:263	ἑτάρου
urn:cite2:fufolio:vertices.v1:20170218095912647_1_6	urn:cite2:fufolio:syntaxToken.v1:0012_001_pers_24_4_4_3	urn:cite2:fufolio:hmtGraph.v1:Iliad24Nicanor	6	urn:cite2:fufolio:partsOfSpeech.v1:744	μεμνημένος
urn:cite2:fufolio:vertices.v1:20170218095912648_1_8	urn:cite2:fufolio:syntaxToken.v1:0012_001_pers_24_4_6a_5	urn:cite2:fufolio:hmtGraph.v1:Iliad24Nicanor	8	urn:cite2:fufolio:partsOfSpeech.v1:139	【οὐ】δέ
urn:cite2:fufolio:vertices.v1:20170218095912650_1_10	urn:cite2:fufolio:syntaxToken.v1:0012_001_pers_24_4_7_6	urn:cite2:fufolio:hmtGraph.v1:Iliad24Nicanor	10	urn:cite2:fufolio:partsOfSpeech.v1:362	μιν
urn:cite2:fufolio:vertices.v1:20170218095912651_1_11	urn:cite2:fufolio:syntaxToken.v1:0012_001_pers_24_4_8_7	urn:cite2:fufolio:hmtGraph.v1:Iliad24Nicanor	11	urn:cite2:fufolio:partsOfSpeech.v1:264	ὕπνος
urn:cite2:fufolio:vertices.v1:20170218095912651_1_12	urn:cite2:fufolio:syntaxToken.v1:0012_001_pers_24_5_1_0	urn:cite2:fufolio:hmtGraph.v1:Iliad24Nicanor	12	urn:cite2:fufolio:partsOfSpeech.v1:1079	ᾕρει
urn:cite2:fufolio:vertices.v1:20170218095912652_1_13	urn:cite2:fufolio:syntaxToken.v1:0012_001_pers_24_5_2_1	urn:cite2:fufolio:hmtGraph.v1:Iliad24Nicanor	13	urn:cite2:fufolio:partsOfSpeech.v1:264	πανδαμάτωρ
urn:cite2:fufolio:vertices.v1:20170218095912653_1_15	urn:cite2:fufolio:syntaxToken.v1:0012_001_pers_24_5_4_3	urn:cite2:fufolio:hmtGraph.v1:Iliad24Nicanor	15	urn:cite2:fufolio:partsOfSpeech.v1:144	ἀλλ᾽
urn:cite2:fufolio:vertices.v1:20170218095912654_1_16	urn:cite2:fufolio:syntaxToken.v1:0012_001_pers_24_5_5_4	urn:cite2:fufolio:hmtGraph.v1:Iliad24Nicanor	16	urn:cite2:fufolio:partsOfSpeech.v1:1080	ἐστρέφετ᾽
urn:cite2:fufolio:vertices.v1:20170218095912655_1_17	urn:cite2:fufolio:syntaxToken.v1:0012_001_pers_24_5_6_5	urn:cite2:fufolio:hmtGraph.v1:Iliad24Nicanor	17	urn:cite2:fufolio:partsOfSpeech.v1:144	ἔνθα
urn:cite2:fufolio:vertices.v1:20170218095912657_1_18	urn:cite2:fufolio:syntaxToken.v1:0012_001_pers_24_5_7_6	urn:cite2:fufolio:hmtGraph.v1:Iliad24Nicanor	18	urn:cite2:fufolio:partsOfSpeech.v1:139	καὶ
urn:cite2:fufolio:vertices.v1:20170218095912658_1_19	urn:cite2:fufolio:syntaxToken.v1:0012_001_pers_24_5_8_7	urn:cite2:fufolio:hmtGraph.v1:Iliad24Nicanor	19	urn:cite2:fufolio:partsOfSpeech.v1:144	ἔνθα
urn:cite2:fufolio:vertices.v1:20170218095912660_1_21	urn:cite2:fufolio:syntaxToken.v1:0012_001_pers_24_6_2_1	urn:cite2:fufolio:hmtGraph.v1:Iliad24Nicanor	21	urn:cite2:fufolio:partsOfSpeech.v1:263	{Πατρόκλου}
urn:cite2:fufolio:vertices.v1:20170218095912661_1_23	urn:cite2:fufolio:syntaxToken.v1:0012_001_pers_24_6_4_3	urn:cite2:fufolio:hmtGraph.v1:Iliad24Nicanor	23	urn:cite2:fufolio:partsOfSpeech.v1:255	{ἀνδροτῆτά}
urn:cite2:fufolio:vertices.v1:20170218095912662_1_24	urn:cite2:fufolio:syntaxToken.v1:0012_001_pers_24_6_5_4	urn:cite2:fufolio:hmtGraph.v1:Iliad24Nicanor	24	urn:cite2:fufolio:partsOfSpeech.v1:139	{τε}
urn:cite2:fufolio:vertices.v1:20170218095912662_1_25	urn:cite2:fufolio:syntaxToken.v1:0012_001_pers_24_6_6_5	urn:cite2:fufolio:hmtGraph.v1:Iliad24Nicanor	25	urn:cite2:fufolio:partsOfSpeech.v1:139	{καὶ}
urn:cite2:fufolio:vertices.v1:20170218095912663_1_26	urn:cite2:fufolio:syntaxToken.v1:0012_001_pers_24_6_7_6	urn:cite2:fufolio:hmtGraph.v1:Iliad24Nicanor	26	urn:cite2:fufolio:partsOfSpeech.v1:268	{μένος}
urn:cite2:fufolio:vertices.v1:20170218095912664_1_28	urn:cite2:fufolio:syntaxToken.v1:0012_001_pers_24_6_9_8	urn:cite2:fufolio:hmtGraph.v1:Iliad24Nicanor	28	urn:cite2:fufolio:partsOfSpeech.v1:365	{,}
urn:cite2:fufolio:vertices.v1:20170218095912665_1_30	urn:cite2:fufolio:syntaxToken.v1:0012_001_pers_24_7_2_1	urn:cite2:fufolio:hmtGraph.v1:Iliad24Nicanor	30	urn:cite2:fufolio:partsOfSpeech.v1:139	{ἠδ᾽}
urn:cite2:fufolio:vertices.v1:20170218095912666_1_32	urn:cite2:fufolio:syntaxToken.v1:0012_001_pers_24_7_4_3	urn:cite2:fufolio:hmtGraph.v1:Iliad24Nicanor	32	urn:cite2:fufolio:partsOfSpeech.v1:1051	{τολύπευσε}
urn:cite2:fufolio:vertices.v1:20170218095912667_1_33	urn:cite2:fufolio:syntaxToken.v1:0012_001_pers_24_7_5_4	urn:cite2:fufolio:hmtGraph.v1:Iliad24Nicanor	33	urn:cite2:fufolio:partsOfSpeech.v1:363	{σὺν}
urn:cite2:fufolio:vertices.v1:20170218095912668_1_34	urn:cite2:fufolio:syntaxToken.v1:0012_001_pers_24_7_6_5	urn:cite2:fufolio:hmtGraph.v1:Iliad24Nicanor	34	urn:cite2:fufolio:partsOfSpeech.v1:315	{αὐτῷ}
urn:cite2:fufolio:vertices.v1:20170218095912668_1_35	urn:cite2:fufolio:syntaxToken.v1:0012_001_pers_24_7_7_6	urn:cite2:fufolio:hmtGraph.v1:Iliad24Nicanor	35	urn:cite2:fufolio:partsOfSpeech.v1:139	{καὶ}
urn:cite2:fufolio:vertices.v1:20170218095912669_1_36	urn:cite2:fufolio:syntaxToken.v1:0012_001_pers_24_7_8_7	urn:cite2:fufolio:hmtGraph.v1:Iliad24Nicanor	36	urn:cite2:fufolio:partsOfSpeech.v1:1051	{πάθεν}
urn:cite2:fufolio:vertices.v1:20170218095912669_1_37	urn:cite2:fufolio:syntaxToken.v1:0012_001_pers_24_7_9_8	urn:cite2:fufolio:hmtGraph.v1:Iliad24Nicanor	37	urn:cite2:fufolio:partsOfSpeech.v1:244	{ἄλγεα}
urn:cite2:fufolio:vertices.v1:20170218095912670_1_39	urn:cite2:fufolio:syntaxToken.v1:0012_001_pers_24_8_2_1	urn:cite2:fufolio:hmtGraph.v1:Iliad24Nicanor	39	urn:cite2:fufolio:partsOfSpeech.v1:241	{ἀνδρῶν}
urn:cite2:fufolio:vertices.v1:20170218095912671_1_40	urn:cite2:fufolio:syntaxToken.v1:0012_001_pers_24_8_3_2	urn:cite2:fufolio:hmtGraph.v1:Iliad24Nicanor	40	urn:cite2:fufolio:partsOfSpeech.v1:139	{τε}
urn:cite2:fufolio:vertices.v1:20170218095912672_1_41	urn:cite2:fufolio:syntaxToken.v1:0012_001_pers_24_8_4_3	urn:cite2:fufolio:hmtGraph.v1:Iliad24Nicanor	41	urn:cite2:fufolio:partsOfSpeech.v1:239	{πτολέμους}
urn:cite2:fufolio:vertices.v1:20170218095912673_1_43	urn:cite2:fufolio:syntaxToken.v1:0012_001_pers_24_8_6_5	urn:cite2:fufolio:hmtGraph.v1:Iliad24Nicanor	43	urn:cite2:fufolio:partsOfSpeech.v1:139	{τε}
urn:cite2:fufolio:vertices.v1:20170218095912674_1_44	urn:cite2:fufolio:syntaxToken.v1:0012_001_pers_24_8_7_6	urn:cite2:fufolio:hmtGraph.v1:Iliad24Nicanor	44	urn:cite2:fufolio:partsOfSpeech.v1:244	{κύματα}
urn:cite2:fufolio:vertices.v1:20170218095912676_1_48	urn:cite2:fufolio:syntaxToken.v1:0012_001_pers_24_9_2_1	urn:cite2:fufolio:hmtGraph.v1:Iliad24Nicanor	48	urn:cite2:fufolio:partsOfSpeech.v1:301	{τῶν}
urn:cite2:fufolio:vertices.v1:20170218095912678_1_51	urn:cite2:fufolio:syntaxToken.v1:0012_001_pers_24_9_5_4	urn:cite2:fufolio:hmtGraph.v1:Iliad24Nicanor	51	urn:cite2:fufolio:partsOfSpeech.v1:363	{κατὰ}
urn:cite2:fufolio:vertices.v1:20170218095912678_1_52	urn:cite2:fufolio:syntaxToken.v1:0012_001_pers_24_9_6_5	urn:cite2:fufolio:hmtGraph.v1:Iliad24Nicanor	52	urn:cite2:fufolio:partsOfSpeech.v1:266	{δάκρυον}
urn:cite2:fufolio:vertices.v1:20170218095912679_1_53	urn:cite2:fufolio:syntaxToken.v1:0012_001_pers_24_9_7_6	urn:cite2:fufolio:hmtGraph.v1:Iliad24Nicanor	53	urn:cite2:fufolio:partsOfSpeech.v1:1079	{εἶβεν}
urn:cite2:fufolio:vertices.v1:20170218095912680_1_54	urn:cite2:fufolio:syntaxToken.v1:0012_001_pers_24_9_8_7	urn:cite2:fufolio:hmtGraph.v1:Iliad24Nicanor	54	urn:cite2:fufolio:partsOfSpeech.v1:365	{,}
urn:cite2:fufolio:vertices.v1:20170218095912681_1_55	urn:cite2:fufolio:syntaxToken.v1:0012_001_pers_24_10_1_0	urn:cite2:fufolio:hmtGraph.v1:Iliad24Nicanor	55	urn:cite2:fufolio:partsOfSpeech.v1:144	ἄλλοτ᾽
urn:cite2:fufolio:vertices.v1:20170218095912681_1_56	urn:cite2:fufolio:syntaxToken.v1:0012_001_pers_24_10_2_1	urn:cite2:fufolio:hmtGraph.v1:Iliad24Nicanor	56	urn:cite2:fufolio:partsOfSpeech.v1:363	ἐπὶ
urn:cite2:fufolio:vertices.v1:20170218095912682_1_57	urn:cite2:fufolio:syntaxToken.v1:0012_001_pers_24_10_3_2	urn:cite2:fufolio:hmtGraph.v1:Iliad24Nicanor	57	urn:cite2:fufolio:partsOfSpeech.v1:233	πλευρὰς
urn:cite2:fufolio:vertices.v1:20170218095912682_1_58	urn:cite2:fufolio:syntaxToken.v1:0012_001_pers_24_10_4_3	urn:cite2:fufolio:hmtGraph.v1:Iliad24Nicanor	58	urn:cite2:fufolio:partsOfSpeech.v1:707	κατακείμενος
urn:cite2:fufolio:vertices.v1:20170218095912683_1_60	urn:cite2:fufolio:syntaxToken.v1:0012_001_pers_24_10_6_5	urn:cite2:fufolio:hmtGraph.v1:Iliad24Nicanor	60	urn:cite2:fufolio:partsOfSpeech.v1:144	ἄλλοτε
urn:cite2:fufolio:vertices.v1:20170218095912683_1_61	urn:cite2:fufolio:syntaxToken.v1:0012_001_pers_24_10_7_6	urn:cite2:fufolio:hmtGraph.v1:Iliad24Nicanor	61	urn:cite2:fufolio:partsOfSpeech.v1:144	δ᾽
urn:cite2:fufolio:vertices.v1:20170218095912684_1_62	urn:cite2:fufolio:syntaxToken.v1:0012_001_pers_24_10_8_7	urn:cite2:fufolio:hmtGraph.v1:Iliad24Nicanor	62	urn:cite2:fufolio:partsOfSpeech.v1:144	αὖτε
urn:cite2:fufolio:vertices.v1:20170218095912684_1_63	urn:cite2:fufolio:syntaxToken.v1:0012_001_pers_24_11_1_0	urn:cite2:fufolio:hmtGraph.v1:Iliad24Nicanor	63	urn:cite2:fufolio:partsOfSpeech.v1:118	ὕπτιος
urn:cite2:fufolio:vertices.v1:20170218095912685_1_65	urn:cite2:fufolio:syntaxToken.v1:0012_001_pers_24_11_3_2	urn:cite2:fufolio:hmtGraph.v1:Iliad24Nicanor	65	urn:cite2:fufolio:partsOfSpeech.v1:144	ἄλλοτε
urn:cite2:fufolio:vertices.v1:20170218095912686_1_66	urn:cite2:fufolio:syntaxToken.v1:0012_001_pers_24_11_4_3	urn:cite2:fufolio:hmtGraph.v1:Iliad24Nicanor	66	urn:cite2:fufolio:partsOfSpeech.v1:144	δὲ
urn:cite2:fufolio:vertices.v1:20170218095912687_1_67	urn:cite2:fufolio:syntaxToken.v1:0012_001_pers_24_11_5_4	urn:cite2:fufolio:hmtGraph.v1:Iliad24Nicanor	67	urn:cite2:fufolio:partsOfSpeech.v1:118	πρηνής
urn:cite2:fufolio:vertices.v1:20170218095912688_1_68	urn:cite2:fufolio:syntaxToken.v1:0012_001_pers_24_11_6_5	urn:cite2:fufolio:hmtGraph.v1:Iliad24Nicanor	68	urn:cite2:fufolio:partsOfSpeech.v1:365	·
